road_address,building_name,unit_est
"강원특별자치도 동해시 구미2길 3-2, 1층 (구미동)",동해~애,1.0
강원특별자치도 동해시 대진항길 23 (대진동),일마레팬션,16.0
"강원특별자치도 동해시 대진항길 47-1, 서프팩토리 (대진동)",PIER471,13.0
"강원특별자치도 동해시 대진항길 49-1, 3층 (대진동)",골든뷰,2.0
"강원특별자치도 동해시 대진항길 5, 바다담 1~4층 (대진동)",동해 바다담,11.0
"강원특별자치도 동해시 동굴로 123-5, 6층 (천곡동)",유브모텔(생활),2.0
강원특별자치도 동해시 망상3길 3 (망상동),하늘바다펜션,6.0
"강원특별자치도 동해시 망상3길 5, 태정펜션 (망상동)",태정펜션,4.0
강원특별자치도 동해시 어달1길 1 (어달동),도요펜션,8.0
"강원특별자치도 동해시 일출로 109-1, 2,3층 (묵호진동)",창넓은펜션,5.0
"강원특별자치도 동해시 일출로 111, 2,3층 (묵호진동)",동해월드펜션,7.0
"강원특별자치도 동해시 일출로 123-1, 2~3층 (묵호진동)",보라네민박,4.0
"강원특별자치도 동해시 일출로 131-1, 4, 5층 (묵호진동)",스테이용궁131,3.0
"강원특별자치도 동해시 일출로 161, 다동 2층 (묵호진동)",우유펜션,8.0
"강원특별자치도 동해시 일출로 211, 2,3층 (묵호진동)",동쪽하늘펜션앤게스트하우스,5.0
"강원특별자치도 동해시 일출로 257, 2, 3층 (어달동)",어달펜션,6.0
"강원특별자치도 동해시 일출로 299, 하늘과파도소리펜션 1~2층 (어달동)",봉스테이,5.0
"강원특별자치도 동해시 일출로 301, 2,3층 (어달동)",어달오션펜션,10.0
"강원특별자치도 동해시 일출로 305, 2~3층 (어달동)",어달을 담다,10.0
강원특별자치도 동해시 일출로 309 (어달동),어쩌다어달,9.0
강원특별자치도 동해시 일출로 309-1 (어달동),신비호텔,5.0
강원특별자치도 동해시 일출로 377 (대진동),동해를 그리다,9.0
강원특별자치도 동해시 일출로 387 (대진동),아카이브대진,3.0
강원특별자치도 동해시 일출로 393-1 (대진동),썬샤인펜션,4.0
"강원특별자치도 동해시 일출로 401, 1층 (대진동)",해봄,1.0
"강원특별자치도 동해시 일출로 405, 2~3층 (대진동)",일출로405,4.0
"강원특별자치도 동해시 일출로 462, 바다에 머무르다 2~3층 (대진동)",바다에 머무르다,6.0
강원특별자치도 동해시 일출로 462-2 (대진동),방파제파크,11.0
강원특별자치도 동해시 일출로 97 (묵호진동),등대오름길펜션,8.0
"강원특별자치도 동해시 임항로 99, 2,3층 (발한동)",해뜨는 바다 하우스,10.0
강원특별자치도 동해시 추암택지길 11-4 (추암동),아름드리,6.0
"강원특별자치도 동해시 추암택지길 17, 3층 (추암동)",해암정펜션,3.0
강원특별자치도 동해시 추암택지길 19 (추암동),추암팬션,9.0
강원특별자치도 동해시 추암택지길 27 (추암동),해돋이 펜션,10.0
강원특별자치도 동해시 추암택지길 3-2 (추암동),우리펜션,10.0
"강원특별자치도 동해시 추암택지길 3-4, 2~5층 (추암동)",휴모텔펜션,14.0
강원특별자치도 동해시 추암택지길 3-5 (추암동),"정다운펜션,슈퍼",12.0
강원특별자치도 동해시 추암택지길 3-6 (추암동),추암타워펜션,13.0
강원특별자치도 동해시 추암택지길 45 (추암동),"지금, 느긋",2.0
"강원특별자치도 동해시 추암택지길 5-4, 1,2층 (추암동)",추암일출펜션,3.0
강원특별자치도 동해시 추암택지길 55 (추암동),쌍둥이하우스,6.0
강원특별자치도 동해시 추암택지길 58 (추암동),추암 일번지 펜션,4.0
강원특별자치도 동해시 추암택지길 60 (추암동),추암행복펜션,5.0
강원특별자치도 삼척시 근덕면 맹방해변로 148,맹방비치캠핑장,3.0
강원특별자치도 삼척시 근덕면 삼척로 2006,삼척메종드제이,4.0
강원특별자치도 삼척시 근덕면 삼척로 2023,오르세장호,5.0
강원특별자치도 삼척시 근덕면 삼척로 2058,노마드펜션,18.0
강원특별자치도 삼척시 근덕면 삼척로 2079,장호탑펜션,9.0
강원특별자치도 삼척시 근덕면 삼척로 2095,펜션오라,14.0
강원특별자치도 삼척시 근덕면 삼척로 2245,삼척피렌체펜션,14.0
강원특별자치도 삼척시 근덕면 용화길 27-100,위아펜션,10.0
강원특별자치도 삼척시 근덕면 용화길 27-34,코아페바다펜션,10.0
강원특별자치도 삼척시 근덕면 용화길 27-62,더끌림펜션,11.0
강원특별자치도 삼척시 근덕면 용화길 27-66,더블유펜션,15.0
강원특별자치도 삼척시 근덕면 장호1길 7,굿모닝펜션,13.0
강원특별자치도 삼척시 근덕면 장호길 126,인드라망펜션텔,14.0
"강원특별자치도 삼척시 근덕면 장호안1길 16-33, 어떤하루펜션",어떤하루펜션,11.0
"강원특별자치도 삼척시 근덕면 장호안1길 16-45, 무지개펜션",무지개펜션,10.0
강원특별자치도 삼척시 근덕면 장호안2길 14,디오션펜션,9.0
강원특별자치도 삼척시 근덕면 장호항길 59,휴정수펜션,10.0
"강원특별자치도 삼척시 근덕면 장호항길 76, 스노클비치호텔 3, 4층",스노클비치호텔,14.0
강원특별자치도 삼척시 근덕면 초곡길 329,우연안,6.0
강원특별자치도 삼척시 미로면 내미로리 166-1 외 1필지,삼척미로정원,3.0
강원특별자치도 삼척시 미로면 준경길 459,두메관광농원,19.0
강원특별자치도 삼척시 새천년도로 115 (정하동),씨엘블루펜션,11.0
"강원특별자치도 삼척시 오십천로 421, 동성빌딩 (남양동)",호텔어반,11.0
강원특별자치도 삼척시 원덕읍 산양화가길 789,삼척산양농산촌체험마을,9.0
"강원특별자치도 삼척시 원덕읍 임원안길 492, 외 2필지",노곡소득사업운영회,21.0
강원특별자치도 삼척시 원덕읍 임원항구로 7,남화산해돋이펜션모텔,20.0
강원특별자치도 양구군 국토정중앙면 국토정중앙로 126,배꼽하우스,2.0
"강원특별자치도 양구군 국토정중앙면 황강길193번길 18, 가동 2층, 나동 1층",오롯이 스테이 인 양구,5.0
"강원특별자치도 양구군 동면 금강산로 1701, 2층",천지 타운 펜션,7.0
강원특별자치도 양구군 동면 약수터길 82,테라피하우스펜션,13.0
강원특별자치도 양구군 양구읍 박수근로 367,休go(휴고),16.0
강원특별자치도 양구군 양구읍 비봉로 64-31,비봉모텔,10.0
강원특별자치도 양구군 양구읍 비봉로 99-3,락희호스텔,10.0
"강원특별자치도 양구군 양구읍 비봉로74번길 14-7, 2,3층",주목나무펜션,7.0
"강원특별자치도 양구군 양구읍 성곡로 206, A동",아인53펜션,10.0
"강원특별자치도 양구군 양구읍 중앙길 35, 1,2층",양구 태금하우스,5.0
강원특별자치도 양구군 양구읍 파로호로869번길 65-11,인문학마을펜션,3.0
강원특별자치도 영월군 김삿갓면 김삿갓로 362,삿갓펜션,7.0
강원특별자치도 영월군 김삿갓면 두릉골길 35,와석유앤아이,10.0
강원특별자치도 영월군 김삿갓면 영월동로 1107-12,영월 더 블리스 워케이션 센터,25.0
강원특별자치도 영월군 김삿갓면 영월동로 2295-12  비브릿지,비브릿지,14.0
강원특별자치도 영월군 남면 문개실길 37-222  1BL-1  1BL-2  5BL 3동(각2층),더한옥헤리티지,10.0
강원특별자치도 영월군 무릉도원면 도원운학로 475-10  마바사아동 1층,월드니스,4.0
강원특별자치도 영월군 무릉도원면 두산길 199-8,더불어사는터,10.0
강원특별자치도 영월군 북면 덕전길 329,소나무펜션,3.0
강원특별자치도 영월군 산솔면 송운길 87-7,골든파인펜션,6.0
강원특별자치도 영월군 산솔면 태백산로 270-72  외 270-70호,팬션 패트로누스,2.0
강원특별자치도 영월군 상동읍 함백산로 426,장산콘도,12.0
강원특별자치도 영월군 영월읍 덕포시장길 30,키와 스테이,2.0
강원특별자치도 영월군 영월읍 동강로 926-67  926-65  11동(숙박9동  안내데스크 1동  창고1동),영월 더 쉼,9.0
강원특별자치도 영월군 영월읍 태화산로 178-13,플라잉하우스 1호점(영월),1.0
강원특별자치도 영월군 주천면 금용강변로 474  주건축물제1동,영월유앤아이펜션,10.0
강원특별자치도 영월군 주천면 금용강변로 474-4,아틀란티스,8.0
강원특별자치도 영월군 주천면 평창강로 241,든해,2.0
강원특별자치도 영월군 한반도면 선암길 51-22,한반도리버2,4.0
강원특별자치도 영월군 한반도면 선암길 51-24,한반도 리버펜션,2.0
"강원특별자치도 원주시 갈머리2길 11-4, 1,2층 (일산동)",미인사이드,2.0
강원특별자치도 원주시 귀래면 녹재길 67-3,숲에향기,6.0
"강원특별자치도 원주시 소초면 백교길 105, 2,3동 지상1,2층",사랑별,4.0
"강원특별자치도 원주시 신림면 구학산로 1664-21, 1,2,3층",오로라골프&리조트별관,23.0
강원특별자치도 원주시 신림면 솔치안길 91,솔치송어파티,13.0
강원특별자치도 원주시 지정면 구재로 155,더핀란드펜션,4.0
강원특별자치도 원주시 지정면 구재로 157,더핀란드펜션B,5.0
강원특별자치도 원주시 지정면 구재로 262-6,오크앨리,12.0
"강원특별자치도 원주시 지정면 구재로 352-4, 1,2,3층",문막오크카운티,18.0
강원특별자치도 원주시 지정면 구재로 352-6,문막오크카운티,18.0
강원특별자치도 원주시 지정면 구재로 40-13,인더포레펜션,11.0
"강원특별자치도 원주시 지정면 오크밸리2길 22, 지상2층",오크빌,12.0
"강원특별자치도 원주시 지정면 원양2로 145-53, 제1~3동 1층",혜원마루(주식회사알에이엠씨원주지점),4.0
"강원특별자치도 원주시 지정면 원양2로 25-14, 1동~12동 (외1필지)",마운틴관광농원,12.0
"강원특별자치도 원주시 지정면 장지길 69-22, 1~9동",지니의캠프펜션,9.0
"강원특별자치도 원주시 지정면 지정로 1393, 나,라,카동",팔레드차밍리조트,10.0
"강원특별자치도 원주시 한가터길 107, 1,2층 (반곡동)",피아노,10.0
강원특별자치도 원주시 호저면 호저로 1277-62,원주고니골황토펜션,12.0
"강원특별자치도 원주시 흥업면 금산길 69-1, 1,2,3,4,5,6동",백운장뇌삼관광농원,6.0
강원특별자치도 정선군 고한읍 고한5길 19-5,문화여관,15.0
"강원특별자치도 정선군 고한읍 고한5길 20-1, 1,2층",안동장,8.0
"강원특별자치도 정선군 고한읍 고한5길 22, 3,4층",안동파크,14.0
강원특별자치도 정선군 고한읍 고한5길 26-3,이화펜션,14.0
"강원특별자치도 정선군 고한읍 고한로 113-1, 1층",아라리게스트하우스,4.0
강원특별자치도 정선군 고한읍 물한리길 16-20,힐링가족형펜션,9.0
"강원특별자치도 정선군 고한읍 지장천로 855, 2층",밀라노모텔,19.0
강원특별자치도 정선군 남면 낙동뒷내길 16,578프라이빗하우스,10.0
"강원특별자치도 정선군 남면 자뭇골길 198, 2층",정선스테이,5.0
강원특별자치도 정선군 남면 자뭇골길 202-1,알퐁스펜션,10.0
"강원특별자치도 정선군 남면 자뭇골길 204, 1~2층",아르떼,2.0
"강원특별자치도 정선군 남면 자뭇골길 204-1, 2층",도도펜션,6.0
강원특별자치도 정선군 남면 자뭇골길 206,메이플펜션,11.0
강원특별자치도 정선군 남면 자뭇골길 210,펀앤해피펜션,7.0
"강원특별자치도 정선군 남면 자뭇골길 212, 2층",프로방스펜션1,6.0
"강원특별자치도 정선군 남면 자뭇골길 212-4, 1,2층",프로방스펜션2,6.0
강원특별자치도 정선군 남면 자뭇골길 293,에메랄드풀빌라,
"강원특별자치도 정선군 남면 자뭇골길 301-4, 1~6동 1층",하얀돔펜션,6.0
강원특별자치도 정선군 북평면 북평7길 38-26,마을호텔 쉐가,1.0
강원특별자치도 정선군 북평면 오대천로 570-19,가리왕산 정원캠핑장,8.0
"강원특별자치도 정선군 북평면 졸드루길 36, 1, 3층",아라리모텔펜션,4.0
강원특별자치도 정선군 북평면 졸드루길 43,정선 둥지펜션,6.0
"강원특별자치도 정선군 사북읍 사북1길 25, 2~3층",파크펜션,10.0
강원특별자치도 정선군 신동읍 곰봉길 125,은석힐링마을,11.0
강원특별자치도 정선군 신동읍 용수길 68,예미MTB마을호스텔,10.0
강원특별자치도 정선군 여량면 노추산로 745,개미펜션,3.0
"강원특별자치도 정선군 여량면 노추산로 751, 2, 3층",노추산길목식당펜션,6.0
강원특별자치도 정선군 임계면 눈꽃마을길 178-37,백두대간약초나라,6.0
강원특별자치도 정선군 임계면 부수배리길 1,숲속의아침,5.0
강원특별자치도 정선군 정선읍 봉양5길 38,정선 황토 약초 게스트하우스,5.0
강원특별자치도 정선군 정선읍 청량길 5,가리왕산펜션,9.0
강원특별자치도 철원군 갈말읍 태봉로 1694,승일펜션,8.0
강원특별자치도 철원군 동송읍 담터길 27,담터펜션,19.0
"강원특별자치도 철원군 동송읍 태봉대교길 139-37, 아르고팬션",아르고통나무펜션,7.0
"강원특별자치도 철원군 철원읍 금학로 691, 제1, 제2동",코리아피스컴,13.0
강원특별자치도 춘천시 금강로 1 (소양로3가),도도스테이,8.0
"강원특별자치도 춘천시 금강로23번길 7, 3층 (소양로3가)",운산,3.0
"강원특별자치도 춘천시 남면 바깥말길 151, 147",플록스펜션,6.0
강원특별자치도 춘천시 남면 소주고개로 17-60,서린춘천,6.0
강원특별자치도 춘천시 남면 소주고개로 181-36,춘천스테이더힐풀빌라펜션,12.0
"강원특별자치도 춘천시 남면 소주고개로 181-52, 주1동~주11동",노블풀빌라,10.0
강원특별자치도 춘천시 남면 소주고개로 236-17,인터스텔라인,13.0
"강원특별자치도 춘천시 남면 소주고개로 238-14, 인터스텔라 4공구 생활형숙박시설",페일블루닷,8.0
강원특별자치도 춘천시 남면 한덕발산길 61,꽃길만걷개,7.0
"강원특별자치도 춘천시 남면 한덕발산길 91-15, 빌라반우",빌라반우,3.0
강원특별자치도 춘천시 남산면 강촌구곡길 221,리얼다이어트캠프안피트니스컴퍼니,18.0
강원특별자치도 춘천시 남산면 강촌로 104,씨앤텔,15.0
강원특별자치도 춘천시 남산면 강촌로 174-8,아띠펜션,15.0
강원특별자치도 춘천시 남산면 강촌로 174-9,강촌홀리데이,13.0
강원특별자치도 춘천시 남산면 강촌로 186,뷰티풀펜션,16.0
강원특별자치도 춘천시 남산면 강촌로 244,오후펜션,14.0
강원특별자치도 춘천시 남산면 강촌로 250,강촌잠빌,11.0
"강원특별자치도 춘천시 남산면 강촌로 66, 2-4층",소소펜션,9.0
강원특별자치도 춘천시 남산면 강촌로 80-1,느티나무마을,17.0
"강원특별자치도 춘천시 남산면 갯골길 62-3, 2층,3층",강촌프로방스,11.0
강원특별자치도 춘천시 남산면 갯골길 62-4,해피데이,12.0
강원특별자치도 춘천시 남산면 남이섬길 1,호텔정관루별관(콘도별장),8.0
"강원특별자치도 춘천시 남산면 노일길 40-8, 2층",오하루스파펜션,3.0
강원특별자치도 춘천시 남산면 동촌로 638,로로키즈풀빌라리조트,9.0
강원특별자치도 춘천시 남산면 방하로 688-16,해피스데이애견펜션,6.0
강원특별자치도 춘천시 남산면 보매기1길 62-12,파인트리펜션,12.0
"강원특별자치도 춘천시 남산면 산수길 132, 2~4동",포레나스테이,2.0
강원특별자치도 춘천시 남산면 서백1길 70,헤이븐(haven),3.0
강원특별자치도 춘천시 남산면 서백3길 101,아이산테니스펜션,4.0
"강원특별자치도 춘천시 남산면 소주고개로 376, 2~3층",376스테이,2.0
"강원특별자치도 춘천시 남산면 소주고개로 465-12, 1,2,3동",산에들에펜션,18.0
강원특별자치도 춘천시 남산면 햇골길 13-19,CASADISOLE,2.0
강원특별자치도 춘천시 사북면 가일길 555,레이크192by호수로가는집,2.0
강원특별자치도 춘천시 사북면 지내고탄로 752,현민실업(주) 래금힐파크여관,17.0
"강원특별자치도 춘천시 사북면 춘화로 736, 5층",이와림,7.0
강원특별자치도 춘천시 서면 경춘로 405,피그멜리온 이펙트,13.0
강원특별자치도 춘천시 서면 명월길 429-8,발리앤벨리,7.0
강원특별자치도 태백시 통리길 51 (통동),고릴라하우스,9.0
강원특별자치도 평창군 대관령면 가시머리길 36-16,대관령 느린마을,4.0
강원특별자치도 평창군 대관령면 가시머리길 36-72,썬,2.0
강원특별자치도 평창군 대관령면 가시머리길 52-10,엣지하우스,2.0
강원특별자치도 평창군 대관령면 가시머리길 52-26,하나비하우스,1.0
강원특별자치도 평창군 대관령면 가시머리길 52-28,룸비니하우스,1.0
강원특별자치도 평창군 대관령면 가시머리길 52-3,산들샬레,5.0
강원특별자치도 평창군 대관령면 가시머리길 52-7,대관령하우스,3.0
강원특별자치도 평창군 대관령면 가시머리길 52-9,대관령800마을 코지하우스,1.0
"강원특별자치도 평창군 대관령면 대관령마루길 259-34, 외 21",르꼼떼블루,22.0
강원특별자치도 평창군 대관령면 대관령마루길 365-13,대관령 요들레이펜션,1.0
강원특별자치도 평창군 대관령면 대관령마루길 365-15,유원,1.0
"강원특별자치도 평창군 대관령면 대관령마루길 365-2, 365-11, 365-27, 365-29",평창포레스트(평창FOR REST),8.0
강원특별자치도 평창군 대관령면 대관령마루길 365-23,엠앤에이치캐빈하우스,2.0
강원특별자치도 평창군 대관령면 대관령마루길 365-25,힐링포레,1.0
강원특별자치도 평창군 대관령면 대관령마루길 365-31,휴800,1.0
강원특별자치도 평창군 대관령면 대관령마루길 365-32,엠앤에이치캠핑하우스,2.0
"강원특별자치도 평창군 대관령면 대관령마루길 365-33, 1-2층",대관령아띠랑펜션,1.0
강원특별자치도 평창군 대관령면 대관령마루길 365-34,대관령 양떼마을 펜션,1.0
강원특별자치도 평창군 대관령면 대관령마루길 365-36,좋은마을,4.0
강원특별자치도 평창군 대관령면 대관령마루길 365-38,대관령팝업하우스,1.0
강원특별자치도 평창군 대관령면 대관령마루길 365-39,"별,솔 펜션",1.0
강원특별자치도 평창군 대관령면 대관령마루길 365-4,대관령 하루,1.0
강원특별자치도 평창군 대관령면 대관령마루길 365-41,대관령 와우시티 펜션,1.0
강원특별자치도 평창군 대관령면 대관령마루길 365-43,네발친구,1.0
강원특별자치도 평창군 대관령면 대관령마루길 365-44,가시머리펜션,1.0
강원특별자치도 평창군 대관령면 대관령마루길 365-47,일오하우스,1.0
강원특별자치도 평창군 대관령면 대관령마루길 365-6,하늘바람별,1.0
강원특별자치도 평창군 대관령면 대관령마루길 365-7,h365(에이치365),1.0
강원특별자치도 평창군 대관령면 대관령마루길 365-8,평창쁘띠빌리지,1.0
강원특별자치도 평창군 대관령면 대관령마루길 365-9,클래식지니하우스(Classic gini house),1.0
강원특별자치도 평창군 대관령면 돌뱅이길 47,두남재700,11.0
"강원특별자치도 평창군 대관령면 삼현동1길 14, 나·다(1,2호)동",폴라리스700,20.0
"강원특별자치도 평창군 대관령면 삼현동1길 14, 다동 4호",폴라리스700 101호,1.0
강원특별자치도 평창군 대관령면 솔봉로 278-35,대관령가는길펜션,9.0
"강원특별자치도 평창군 대관령면 솔봉로 278-45, 278-43 A,B동",평창 루체포레 풀빌라,4.0
"강원특별자치도 평창군 대관령면 차항길 172-14, 101,102,103동",오다109,3.0
강원특별자치도 평창군 대화면 가평로 653-40,샤이니힐스파크,7.0
강원특별자치도 평창군 봉평면 경강로 464-7,평화와번창,8.0
강원특별자치도 평창군 봉평면 두리봉길 30,펜스토리,14.0
강원특별자치도 평창군 봉평면 무이진등길 77-15,소노펠리체,5.0
강원특별자치도 평창군 봉평면 무이진등길 77-15,리조트팰리즈,15.0
강원특별자치도 평창군 봉평면 무이진등길 77-70,아침의소리,4.0
강원특별자치도 평창군 봉평면 무이진등길 77-77,언더힐펜션(Under Hill pension),5.0
강원특별자치도 평창군 봉평면 백운동길 198-9,휴700,22.0
강원특별자치도 평창군 봉평면 백운동길 45,샤인밸리,16.0
강원특별자치도 평창군 봉평면 버들개길 21-18 (21-13),별마루펜션,2.0
강원특별자치도 평창군 봉평면 봉평북로 250-81,산들꽃펜션,8.0
강원특별자치도 평창군 봉평면 설다목길 54,하울마루,12.0
강원특별자치도 평창군 봉평면 안흥동1길 76,자연에 품,13.0
강원특별자치도 평창군 봉평면 안흥동1길 87,숲속작은개울,4.0
"강원특별자치도 평창군 봉평면 안흥동길 132-1, 132-3, 132-4",숲속의 이글루,5.0
"강원특별자치도 평창군 봉평면 안흥동길 70-48, W3알페라츠",메이페어 알페라츠,18.0
강원특별자치도 평창군 봉평면 안흥동길 70-51,길손이야기,4.0
"강원특별자치도 평창군 봉평면 안흥동길 70-53, S4 카펠라",허니베어펜션,6.0
강원특별자치도 평창군 봉평면 안흥동길 70-55,휴식공장 평창펜션,6.0
강원특별자치도 평창군 봉평면 안흥동길 70-83,숲속의평창,5.0
"강원특별자치도 평창군 봉평면 안흥동길 70-83, 70-87",메이페어 나르샤,12.0
"강원특별자치도 평창군 봉평면 안흥동길 70-86, ST3동",메이페어로뎀나무,4.0
강원특별자치도 평창군 봉평면 안흥동길 70-99,하늘닿은펜션,8.0
강원특별자치도 평창군 봉평면 안흥동길 85,마메별,9.0
강원특별자치도 평창군 봉평면 직동길 148 (외 1필지),휘겔하임,13.0
"강원특별자치도 평창군 봉평면 직동길 94-47, 가동 (휘닉스에메랄드1차)",휘닉스에메랄드,5.0
"강원특별자치도 평창군 봉평면 진조1길 22, 101~109호",풀멍,9.0
강원특별자치도 평창군 봉평면 진조1길 43-7,평창현대스위트빌리지,13.0
강원특별자치도 평창군 봉평면 태기로 266,266호텔,29.0
강원특별자치도 평창군 봉평면 태기로 93,화이트캐빈,20.0
"강원특별자치도 평창군 봉평면 팔송로 111-21, 510동 (숲속의요정)",숲속의요정 분점,8.0
강원특별자치도 평창군 봉평면 평온길 14-13,베리온리조트,14.0
강원특별자치도 평창군 봉평면 평온길 14-13,베리온리조트2,18.0
강원특별자치도 평창군 봉평면 평온길 14-13 (외 1필지),베리온리조트1,12.0
강원특별자치도 평창군 봉평면 흥정계곡1길 9-12,비블로스,5.0
강원특별자치도 평창군 봉평면 흥정계곡2길 28-7,파밀리아 펜션,4.0
강원특별자치도 평창군 봉평면 흥정계곡4길 208,꽁블,4.0
"강원특별자치도 평창군 봉평면 흥정계곡4길 212-27, 가,나,다,라동",가재와곰펜션,3.0
강원특별자치도 평창군 봉평면 흥정계곡길 410,바다내음펜션,9.0
"강원특별자치도 평창군 봉평면 흥정계곡길 82-2, A·B·C·D·E·F·G동",노스텔지어,10.0
강원특별자치도 평창군 용평면 양지길 64,솔숲,14.0
"강원특별자치도 평창군 용평면 이승복생가길 160, 노동계곡캠핑장 4,5,6동",계방산 오토캠핑장,4.0
강원특별자치도 평창군 진부면 간평길 233-2,숲사이길펜션,20.0
"강원특별자치도 평창군 진부면 방아다리로 264-56, 264-97",우린,2.0
강원특별자치도 평창군 진부면 사남산길 31,새솔펜션,8.0
강원특별자치도 평창군 진부면 상마평길 103,마평관광농원,6.0
강원특별자치도 평창군 진부면 탑동길 108-50,서림원,11.0
강원특별자치도 평창군 진부면 하오개길 207-40,연스테이,3.0
"강원특별자치도 평창군 진부면 한산동모낼길 41-11, 2동,3동,4동",어머니 품속마을펜션,5.0
강원특별자치도 평창군 평창읍 살구실길 53-10,청성펜션,7.0
강원특별자치도 홍천군 남면 명동길 97-8,홍천힐링하우스,
강원특별자치도 홍천군 내면 광원새터길 11-22,오대산별장,
강원특별자치도 홍천군 내면 광원새터길 174,외갓집펜션,
강원특별자치도 홍천군 내면 구룡령로 5040,리라빌,
강원특별자치도 홍천군 내면 밤바치길 1301-11,호랑소펜션,
강원특별자치도 홍천군 내촌면 아홉사리로 164-46,리버뷰소나무펜션,
강원특별자치도 홍천군 두촌면 광석로 885-7,바회마을 초가체험촌,
강원특별자치도 홍천군 두촌면 광석로 898-87,세이지우드홍천호텔,
강원특별자치도 홍천군 두촌면 부채들길 29,가람리조트,
강원특별자치도 홍천군 북방면 노루목길 66,Mong9Mong9Haus,
강원특별자치도 홍천군 북방면 노일로 144,노일리강마을B,
강원특별자치도 홍천군 북방면 노일로 144-5,노일리강마을C,
강원특별자치도 홍천군 북방면 노일로 146,노일리강마을A,
강원특별자치도 홍천군 북방면 노일로 206-7,빌리지736-1,
강원특별자치도 홍천군 북방면 노일로 206-9,빌리지736,
강원특별자치도 홍천군 북방면 노일로 216-10,노지(빌라모자이크),
강원특별자치도 홍천군 북방면 노일로 216-7,"첨벙,다락(빌라모자이크)",
강원특별자치도 홍천군 북방면 노일로 216-8,모닥(빌라모자이크),
강원특별자치도 홍천군 북방면 노일로238번길 72-10,코코애견펜션,
강원특별자치도 홍천군 북방면 노일로238번길 99,홍천팬션위드엘,
강원특별자치도 홍천군 북방면 도사곡길 378-2,까미노데플로레스타1,
강원특별자치도 홍천군 북방면 도사곡길 378-4,까미노데플로레스타2,
"강원특별자치도 홍천군 북방면 반석들길 3, 주 3,5,7동",운공의 밤,
강원특별자치도 홍천군 북방면 장항2길 14-3,헤리티스2,
강원특별자치도 홍천군 북방면 장항2길 14-5,헤리티스,
강원특별자치도 홍천군 북방면 장항2길 18,산하연,
강원특별자치도 홍천군 북방면 장항2길 20,산다온 풀빌라,
강원특별자치도 홍천군 북방면 팔봉산로 1832-47,스톤브라운,
강원특별자치도 홍천군 서면 감물악길 105,바우하우스 105,
강원특별자치도 홍천군 서면 굴업솔골길 111,올라운드원벨라,
강원특별자치도 홍천군 서면 굴업솔골길 113,올라운드원3단지,
강원특별자치도 홍천군 서면 굴업솔골길 115,올라운드원2단지,
강원특별자치도 홍천군 서면 굴업솔골길 117,올라운드 원,
강원특별자치도 홍천군 서면 굴업솔골길 25,오캄럭스클럽H,
강원특별자치도 홍천군 서면 굴업솔골길 29,오캄럭스클럽3단지,
강원특별자치도 홍천군 서면 굴업솔골길 31,오캄럭스클럽2단지,
강원특별자치도 홍천군 서면 굴업솔골길 33,오캄럭스클럽1단지,
강원특별자치도 홍천군 서면 굴업솔골길 60-13,홍천펜션아이리스별동,
강원특별자치도 홍천군 서면 굴업솔골길 60-23,홍천펜션아이리스,
강원특별자치도 홍천군 서면 굴업솔골길 63,플라네르 Hongcheon,
강원특별자치도 홍천군 서면 굴업솔골길 82-1,리틀비발디(KE동),
강원특별자치도 홍천군 서면 굴업솔골길 82-3,리틀비발디(KD동),
강원특별자치도 홍천군 서면 굴업솔골길 82-4,리틀비발디(KB동),
강원특별자치도 홍천군 서면 굴업솔골길 82-5,리틀비발디(KC동),
강원특별자치도 홍천군 서면 굴업솔골길 84-12,지안펜션,
강원특별자치도 홍천군 서면 굴업솔골길 84-20,주식회사 욜로와,
강원특별자치도 홍천군 서면 굴업솔골길 84-22,주식회사 욜로와2호,
강원특별자치도 홍천군 서면 굴업솔골길 84-24,욜로와5호,
강원특별자치도 홍천군 서면 굴업솔골길 84-26,홍천욜로와,
강원특별자치도 홍천군 서면 굴업솔골길 84-28,욜로와7호,
강원특별자치도 홍천군 서면 도롱골길 229,홍천펜션&글램핑캠프별이빛나는밤,
강원특별자치도 홍천군 서면 도롱골길 59-1,팔담채,
강원특별자치도 홍천군 서면 도롱골길147번길 29,가람스테이3,
강원특별자치도 홍천군 서면 도롱골길147번길 31,가람스테이2,
강원특별자치도 홍천군 서면 마곡길 153,마루마리,
강원특별자치도 홍천군 서면 마곡길 157,마루마리,
강원특별자치도 홍천군 서면 마곡길 220,몬테리오,
강원특별자치도 홍천군 서면 마곡길 477-6,명월팬션,
강원특별자치도 홍천군 서면 상귀량길 193,반스힐 리조트,
"강원특별자치도 홍천군 서면 상귀량길 193, 11동 1호",(주)반스힐리조트 주11동1호,
"강원특별자치도 홍천군 서면 상귀량길 193, 11동 2호",(주)반스힐리조트 주11동2호,
"강원특별자치도 홍천군 서면 상귀량길 193, 1동 2호",반스힐리조트,
"강원특별자치도 홍천군 서면 상귀량길 193, 1동1호,3동,9동,10동1호, 10동2호, 12동, 13동2호, 13동3호",반스힐리조트 1동1호 외,
"강원특별자치도 홍천군 서면 상귀량길 193, 2동 1호",(주)반스힐리조트 주2동1호,
"강원특별자치도 홍천군 서면 상귀량길 193, 2동 2호",(주)반스힐리조트 주2동2호,
"강원특별자치도 홍천군 서면 상귀량길 193, 4동 1호",반스힐풀빌라리조트,
"강원특별자치도 홍천군 서면 상귀량길 193, 4동 2호",(주)반스힐리조트 주4동2호,
"강원특별자치도 홍천군 서면 상귀량길 193, 5동 1호",(주)반스힐리조트 주5동1호,
"강원특별자치도 홍천군 서면 상귀량길 193, 6동",(주)반스힐리조트 주6동,
"강원특별자치도 홍천군 서면 상귀량길 193, 주5동 2호",(주)반스힐리조트 주5동2호,
"강원특별자치도 홍천군 서면 상귀량길 193, 주7동",(주)반스힐리조트 주7동,
"강원특별자치도 홍천군 서면 상귀량길 193, 주8동",(주)반스힐리조트 주8동,
강원특별자치도 홍천군 서면 설밀길 190-11,토리아이풀빌라골프텔,
강원특별자치도 홍천군 서면 설밀길 190-13,토리아이독채패밀리룸,
강원특별자치도 홍천군 서면 설밀길 190-15,토리아이풀빌라스파1동,
강원특별자치도 홍천군 서면 설밀길 190-17,토리아이패밀리룸,
강원특별자치도 홍천군 서면 설밀길 190-19,토리아이풀빌라스파2동,
강원특별자치도 홍천군 서면 설밀길 190-3,토리아이키즈풀빌라,
강원특별자치도 홍천군 서면 설밀길 190-5,토리아이풀빌라키즈,
강원특별자치도 홍천군 서면 설밀길 190-7,토리아이프라이빗빌라,
강원특별자치도 홍천군 서면 설밀길 190-9,토리아이풀빌라,
강원특별자치도 홍천군 서면 안굴업길 39-9,디데이펜션&캠핑,
강원특별자치도 홍천군 서면 오도치길 139-65,하몽하몽키즈풀빌라,
강원특별자치도 홍천군 서면 오도치길 268,약돌배테마관광마을,
강원특별자치도 홍천군 서면 오도치길 80,비요르크,
강원특별자치도 홍천군 서면 팔봉강변길 132-10,푸름다음,
강원특별자치도 홍천군 서면 팔봉강변길 40-8,가족펜션미알레,
강원특별자치도 홍천군 서면 팔봉산로 812,어라운드리버,
강원특별자치도 홍천군 서면 팔봉산로 815,소노리베,
강원특별자치도 홍천군 서면 팔봉산로 820,소노리베뷰,
강원특별자치도 홍천군 서면 팔봉산로 923-13,북성,
강원특별자치도 홍천군 서면 한서로 1466,다인펜션,
강원특별자치도 홍천군 서면 한서로 1468-55,유리트리트,
강원특별자치도 홍천군 서면 한서로 1774-47,더하다,
강원특별자치도 홍천군 서면 한서로 1891-10,봄날펜션,
강원특별자치도 홍천군 서면 한서로 2019-2,엘페로3,
강원특별자치도 홍천군 서면 한서로 2055-3,테라썬B,
강원특별자치도 홍천군 서면 한서로 2055-6,테라썬E,
강원특별자치도 홍천군 서면 한서로 2055-8,테라썬F,
강원특별자치도 홍천군 서면 한서로 2344-12,펜타곤애견펜션,
강원특별자치도 홍천군 서면 한서로 2344-14,펫티움애견펜션,
강원특별자치도 홍천군 서면 한치골길 262,소노벨타워C비발디파크,
강원특별자치도 홍천군 서면 한치골길 262,소노벨타워B비발디파크,
강원특별자치도 홍천군 서면 한치골길 262,소노캄 비발디파크,
강원특별자치도 홍천군 서면 한치골길 262,소노펠리체비발디파크,
강원특별자치도 홍천군 서면 한치골길 262,소노벨타워A비발디파크,
강원특별자치도 홍천군 서면 한치골길 262,소노펠리체빌리지E~H비발디파크,
"강원특별자치도 홍천군 서면 한치골길 262, 대명비발디파크",소노펠리체빌리지A~D비발디파크,
"강원특별자치도 홍천군 서면 한치골길 262, 대명비발디파크",소노펠리체빌리지I~O비발디파크,
강원특별자치도 홍천군 서면 한치골길 62-6,더오딘펜션(J동),
강원특별자치도 홍천군 서면 한치골길 62-8,더오딘펜션(Q동),
강원특별자치도 홍천군 서면 한치골길 62-9,더오딘펜션(K동),
"강원특별자치도 홍천군 서면 한치골길 763, 2~3층",비발디의아침,
강원특별자치도 홍천군 서면 한치골길 83-3,오유원플러스,
강원특별자치도 홍천군 서면 한치골길 83-5,오유원,
강원특별자치도 홍천군 서석면 진여울길 238,원더키즈풀빌라,
강원특별자치도 홍천군 영귀미면 덕치새들길 1-5,펜션21,
강원특별자치도 홍천군 홍천읍 남산강변로 55,LK HOTEL,
강원특별자치도 홍천군 홍천읍 독골길 52-16,밀리언그라운드 홍천,
"강원특별자치도 홍천군 홍천읍 무궁화로 102, 3,4층",대성,
강원특별자치도 홍천군 홍천읍 설악로 1471,W하우스,
강원특별자치도 홍천군 홍천읍 소옥개로 142,호텔화양강,
강원특별자치도 홍천군 홍천읍 영서로 1673,풍경이있는펜션,
강원특별자치도 홍천군 홍천읍 와동로34번길 123,초록,
강원특별자치도 홍천군 화촌면 구룡령로 1016-29,알프스밸리캠핑나라,
강원특별자치도 홍천군 화촌면 군들길 114,베이컨 홍천,
강원특별자치도 홍천군 화촌면 군업안말길 153-14,홍천풀빌라소토보체,
강원특별자치도 홍천군 화촌면 군업안말길 153-16,소토보체,
강원특별자치도 홍천군 화촌면 답연밭길 14-23,해와 달의 마음,
강원특별자치도 홍천군 화촌면 답연밭길 5-1,풀스테이더네이쳐홍천Q,
강원특별자치도 홍천군 화촌면 답연밭길 5-10,풀스테이더네이쳐홍천E,
강원특별자치도 홍천군 화촌면 답연밭길 5-11,풀스테이더네이쳐홍천L,
강원특별자치도 홍천군 화촌면 답연밭길 5-12,풀스테이더네이쳐홍천F,
강원특별자치도 홍천군 화촌면 답연밭길 5-13,주식회사진호개발,
강원특별자치도 홍천군 화촌면 답연밭길 5-14,풀스테이더네이쳐홍천G,
강원특별자치도 홍천군 화촌면 답연밭길 5-16,풀스테이더네이쳐홍천H,
강원특별자치도 홍천군 화촌면 답연밭길 5-18,풀스테이더네이쳐홍천I,
강원특별자치도 홍천군 화촌면 답연밭길 5-2,풀스테이스테이펫홍천,
강원특별자치도 홍천군 화촌면 답연밭길 5-20,풀스테이더네이쳐홍천J,
강원특별자치도 홍천군 화촌면 답연밭길 5-3,풀스테이더네이쳐홍천P,
강원특별자치도 홍천군 화촌면 답연밭길 5-4,풀스테이더네이쳐홍천B,
강원특별자치도 홍천군 화촌면 답연밭길 5-5,풀스테이더네이쳐홍천O,
강원특별자치도 홍천군 화촌면 답연밭길 5-6,풀스테이더네이쳐홍천C,
강원특별자치도 홍천군 화촌면 답연밭길 5-7,풀스테이더네이쳐홍천N,
강원특별자치도 홍천군 화촌면 답연밭길 5-8,풀스테이더네이쳐홍천D,
강원특별자치도 홍천군 화촌면 답연밭길 5-9,풀스테이더네이쳐홍천M,
강원특별자치도 홍천군 화촌면 당무로 855,풀스테이 스테이휴,
강원특별자치도 홍천군 화촌면 도심리길 269-16,나는숲이다,
강원특별자치도 화천군 사내면 물안골길 12-76,-,2.0
강원특별자치도 화천군 하남면 호수길 206-31,테레네 운무(TERENE UNMU),1.0
"경기도 가평군 가평읍 가화로 438-52, A동 1,2층",글램독가평,8.0
"경기도 가평군 가평읍 가화로 440-77 (마장리983-13)주1동~주4동 각1,2층",가평펜션 케이팝 풀빌라,4.0
"경기도 가평군 가평읍 가화로 440-79 (마장리983-30)주1~주4동 각1,2층",케이팝풀빌라2,4.0
"경기도 가평군 가평읍 경반안로 205, 1~2층",느리게걷기키즈가족펜션,4.0
"경기도 가평군 가평읍 경반안로 214-1 (가평읍 경반리 519-3 A동 1층~3층, 519-24 A동 1층 총5호)",펜션이룸,4.0
"경기도 가평군 가평읍 경반안로 357-1, 총5개동 1~5동 각1~2층",더키즈풀빌라,10.0
"경기도 가평군 가평읍 경반안로 365, 2동(1층),3동~7동(각1층~2층)",어푸키즈풀빌라,5.0
"경기도 가평군 가평읍 당목가일길 482-27, 총2개동 A동,B동 1~2층",해나키즈풀빌라1,2.0
"경기도 가평군 가평읍 당목가일길 482-29, 총2개동 주1동,주2동 1층~3층",해나키즈풀빌라2,10.0
"경기도 가평군 가평읍 당목가일길 74-5, 1층~2층",세인트21풀빌라펜션,1.0
"경기도 가평군 가평읍 당목가일길 74-7, 9,17,19,21,23,25,27,29,31,35,37,39,41,43(총15개동 각1층~2층)",세인트21,15.0
"경기도 가평군 가평읍 물안산길 83, 가,나동 각1~2층",브룩스펜션,4.0
경기도 가평군 가평읍 복장포길 118-3,산타마리아,16.0
"경기도 가평군 가평읍 복장포길 46-148, 1층~3층",가평실내수영장온수무료펜션A,8.0
"경기도 가평군 가평읍 복장포길 46-213, 1층",호텔 포레스트 휴,2.0
"경기도 가평군 가평읍 복장포길 46-57, 2층~3층",가평실내수영장온수무료펜션B,4.0
"경기도 가평군 가평읍 복장포길 85-1, 가,나동",개가사는그집,5.0
"경기도 가평군 가평읍 북한강변로 1007-58, 2~4층",가평(남이섬)스텔라풀빌라,3.0
경기도 가평군 가평읍 북한강변로 1007-60,빈체로온수풀빌라,3.0
경기도 가평군 가평읍 북한강변로 1027-78,남이포레풀빌라호스텔,2.0
"경기도 가평군 가평읍 북한강변로 173, B동(103호,104호),C동(101호~105호),D동(101호~104호)",카세리오 펜션,11.0
"경기도 가평군 가평읍 북한강변로 188, 제2동(1층~4층), 북한강변로 188-1, 제3동(1층~4층)",스테이 가람슬기,12.0
"경기도 가평군 가평읍 북한강변로 201-6 (주1동~5동각1,2층)201-16(주1동~5동 각1,2층,6동관리실))201-26(주1동~2동각1,2층)",메종드힐,29.0
"경기도 가평군 가평읍 북한강변로 214, 금대리 510외 1필지",가평클럽보드리조트,9.0
"경기도 가평군 가평읍 북한강변로 226-24, 나동 2~3층",가평남이섬리알토스파수영장가족펜션,6.0
"경기도 가평군 가평읍 북한강변로 254, 각 1층~2층, 총2개동",가평빠지펜션,8.0
경기도 가평군 가평읍 북한강변로 326-109,에끄랑펜션,5.0
"경기도 가평군 가평읍 북한강변로 326-128, ,326-134 총19호",이뜨랜리조트,19.0
"경기도 가평군 가평읍 북한강변로 326-270, 3, 4층",이시스 리조트,4.0
"경기도 가평군 가평읍 북한강변로 326-420, 주1동 1~3층",제이에이치풀빌라&웨스턴글램핑(JH풀빌라&웨스턴글램핑),6.0
"경기도 가평군 가평읍 북한강변로 360-69, B동",카타마린,14.0
"경기도 가평군 가평읍 북한강변로 360-69, C동",남이섬카타마린리조트-C,12.0
"경기도 가평군 가평읍 북한강변로 360-69, C동",레드존+,2.0
"경기도 가평군 가평읍 북한강변로 360-69, D동",남이섬카타마린리조트-D,7.0
"경기도 가평군 가평읍 북한강변로 360-69, E동",남이섬강변리조트(주),7.0
"경기도 가평군 가평읍 북한강변로 360-69, E동",오로라캠프,1.0
"경기도 가평군 가평읍 북한강변로 360-69, F동",남이섬카타마린리조트-F,7.0
"경기도 가평군 가평읍 북한강변로 360-69, F동",크리스월드빌리지 F,3.0
"경기도 가평군 가평읍 북한강변로 360-69, G동",크리스월드빌리지 G-1,14.0
"경기도 가평군 가평읍 북한강변로 360-69, G동",크리스월드빌리지 G-2,2.0
"경기도 가평군 가평읍 북한강변로 360-69, H동",남이섬카타마린리조트-H,2.0
"경기도 가평군 가평읍 북한강변로 360-69, I동",남이섬카타마린리조트-I,11.0
"경기도 가평군 가평읍 북한강변로 360-69, I동",레드존+ I,4.0
경기도 가평군 가평읍 북한강변로 360-89,클로버리조트,19.0
"경기도 가평군 가평읍 북한강변로 479, A, B, C, D 동","라포하임 D동, E동, F동, G동",3.0
"경기도 가평군 가평읍 북한강변로 479-45, 1,2동 각1~2층",라포하임키즈풀리조트,2.0
경기도 가평군 가평읍 북한강변로 479-53,라포하임C동,1.0
"경기도 가평군 가평읍 북한강변로 481-25, 1동~5동 각(1층~2층)",와우키즈풀빌라,8.0
경기도 가평군 가평읍 북한강변로 481-34,더코지 풀빌라,6.0
"경기도 가평군 가평읍 북한강변로 481-35, 1층~4층",리플렉스A,3.0
"경기도 가평군 가평읍 북한강변로 481-39, 1층~4층",라온하제풀빌라펜션,3.0
"경기도 가평군 가평읍 북한강변로 481-41, 1층~4층",라온제나풀빌라펜션,3.0
"경기도 가평군 가평읍 북한강변로 481-43, 1층~4층",리플렉스B,3.0
"경기도 가평군 가평읍 북한강변로 494, 1~3층",에스에스리조트,9.0
"경기도 가평군 가평읍 북한강변로 576, 지하3층~지상4층",라퓨타리조트,19.0
"경기도 가평군 가평읍 북한강변로 752, 지하1~3층",문라이트블루,11.0
"경기도 가평군 가평읍 북한강변로 759-15, 지하1층~지상3층",브이아이피(VIP)풀빌라,19.0
"경기도 가평군 가평읍 북한강변로 759-9, 2동(1층~2층)",비바호텔&리조트 C동,16.0
"경기도 가평군 가평읍 북한강변로 860, 주1동,주2동 (각1~3층), 총2개동",성샤인,5.0
"경기도 가평군 가평읍 북한강변로 882, <이화리186(1동~4동),187-3외3필지(1동~2동),186-2(1동~6동)>",휴먼타운,20.0
"경기도 가평군 가평읍 상지로 1040, 1동~4동 각1층",바비네하우스펜션,4.0
"경기도 가평군 가평읍 석봉로3번길 157-7, 157-9,157-31,157-36,157-39,157-40,157-42,157-43.(1,2층)",환타지콜라보리조트,16.0
"경기도 가평군 가평읍 석봉로3번길 159-6 (1동~3동,각2층), 159-8(가동~다동,각2층)",(주)꿈꾸는집2,18.0
"경기도 가평군 가평읍 염창길 50, 제1동(1층~3층),제2동~제4동(1층~2층)",가평262키즈풀빌라,7.0
"경기도 가평군 가평읍 염창길 66-24, 주1동(1층~3층),주2동(1층~2층)",가평펜션 레릿고,6.0
"경기도 가평군 가평읍 잎너비길 17-66, 가,나,다,라,마,바동 각1층",가평라온빌스파&독채펜션,6.0
"경기도 가평군 가평읍 잎너비길 17-78, 1,2동 각1,2층, 3동 1층",키즈풀빌라똥강아지,6.0
"경기도 가평군 가평읍 태봉두밀로 162, 164,166,168,170 각 지하1층~2층",브룩5(BROOK5),20.0
"경기도 가평군 가평읍 태봉두밀로 173, 175 (각1층~2층)",아베크제이,10.0
"경기도 가평군 가평읍 태봉두밀로 269-100 (1~2층,1층) 가,나동",가평로제펜션,4.0
"경기도 가평군 가평읍 태봉두밀로 269-113, 1층~2층",도우(DOU),7.0
"경기도 가평군 가평읍 태봉두밀로 269-45, 가동, 나동 (각1층~2층)",콜린펜션,6.0
"경기도 가평군 가평읍 태봉두밀로 421-51, 가동(1층~2층),나동(지하1층~2층)",테라스,8.0
"경기도 가평군 가평읍 태봉두밀로 421-57, 1동 1층~2층",마리이야기,3.0
경기도 가평군 가평읍 태봉두밀로 421-74,르시엘펜션,6.0
"경기도 가평군 가평읍 태봉두밀로 494-37, ,494-38 각 1~2층",헬리오스,2.0
"경기도 가평군 가평읍 태봉두밀로 496, 제1동~제10동(각1층~2층)",오리온풀빌라펜션,20.0
"경기도 가평군 가평읍 태봉두밀로 522-151, 1동,2동(각1층,2층),522-155(1층)",힐앤폴하우스,5.0
"경기도 가평군 가평읍 태봉두밀로 522-72, 제1동~제3동 각 1층~2층",에일린,12.0
"경기도 가평군 가평읍 태봉두밀로406번길 14-43, A,B동 1층",마리누스,3.0
"경기도 가평군 가평읍 태봉두밀로406번길 143, A,B동",호호키즈풀빌라,7.0
"경기도 가평군 가평읍 태봉두밀로406번길 153-80, 제1동(지하1층~1층),제6동(1층~2층)",운악골 가평점,4.0
경기도 가평군 가평읍 태봉두밀로596번길 132,다래나무언덕펜션,1.0
"경기도 가평군 가평읍 태봉두밀로596번길 84, 주1동, 주2동 (각1층~2층)",동반84 글램핑,5.0
경기도 가평군 가평읍 태봉안길 188,다이아펜션,4.0
"경기도 가평군 가평읍 호반로 1515-29, 숙박동(1층~3층),로비동(지하1층,2층~3층)",디온,4.0
"경기도 가평군 가평읍 호반로 1616, 1~3층",가평풀빌라펜션벨로시레이크,4.0
"경기도 가평군 가평읍 호반로 1627-20, 제1동 2층~4층",비클래시북한강점(1동),6.0
"경기도 가평군 가평읍 호반로 1627-20, 제2동 2층~4층",비클래시키즈풀빌라북한강점,6.0
"경기도 가평군 가평읍 호반로 1627-91, 1층~3층",스테이 하연,4.0
"경기도 가평군 가평읍 호반로 1643-17, 1동~2동(각1층~2층),3동(1층~3층)",비버스(VIVUS)스크린골프 키즈풀빌라,3.0
"경기도 가평군 가평읍 호반로 1701, 4,5,6,7,8,9동 1층",올댓돔(AII THAT DOME),5.0
"경기도 가평군 가평읍 호반로 2083-23, A,B동 1,2층",라루체풀빌라 동화를걷다,4.0
"경기도 가평군 가평읍 호반로 2083-29, 1동(1층)2동(1~2층)3동(2층)",코코키즈풀빌라,3.0
"경기도 가평군 가평읍 호반로 2083-33, 총2동 1~2층",샤샤키즈풀빌라,6.0
"경기도 가평군 가평읍 호반로 2126, 1~2층",더블스테이풀빌라가평3호점30동,2.0
"경기도 가평군 가평읍 호반로 2126-1, 1~2층",더블스테이풀빌라가평3호점29동,2.0
"경기도 가평군 가평읍 호반로 2126-11, 1~2층",더 스마일 독채 풀빌라3,1.0
"경기도 가평군 가평읍 호반로 2126-12, B동 1층~2층",은하수독채풀빌라1호,1.0
"경기도 가평군 가평읍 호반로 2126-2, 1층~2층",더블스테이쁘띠로26동,1.0
"경기도 가평군 가평읍 호반로 2126-3, 1층~2층",은하수독채풀빌라2호,1.0
"경기도 가평군 가평읍 호반로 2126-6, 주1동 1층~2층",은하수독채풀빌라3호,1.0
"경기도 가평군 가평읍 호반로 2130, 1층~2층",더 스마일 독채 풀빌라2,1.0
"경기도 가평군 가평읍 호반로 2130-10, 호반로2130-12 총2개동 각1층~2층",가평 가봄 키즈 풀빌라,5.0
경기도 가평군 가평읍 호반로 2130-13 (1~2)층,더블스테이풀빌라또또멍가평2호점2동,1.0
"경기도 가평군 가평읍 호반로 2130-3, 1~2층",더블스테이풀빌라또또멍가평1호점10동,1.0
"경기도 가평군 가평읍 호반로 2130-7, 1층~2층",쁘띠라온파티룸펜션,1.0
"경기도 가평군 가평읍 호반로 2130-9, 주1동 1층~2층",더블스테이가평2호점,2.0
"경기도 가평군 가평읍 호반로 2329-31, 51,29(1~2층), 2329-37,41,45(1동,2동 각1~2층)",까사노블풀빌라2,9.0
"경기도 가평군 가평읍 호반로 2329-47, 2329-49 각 1~2층 ,2329-60 제1~2동, 각 1층~2층",가평까사노블풀빌라펜션,8.0
"경기도 가평군 가평읍 호반로 2329-56, 외 1동",더리썸풀빌라,6.0
"경기도 가평군 가평읍 호반로 2329-67, 69,71,61,63,65(각1층~2층)",베르트 풀빌라,6.0
"경기도 가평군 가평읍 호반로 2355-10, 12,20,22(각1층~3층)",아르나풀빌라,12.0
"경기도 가평군 가평읍 호반로 2355-7, 1동~4동 각1층~3층",아르나풀빌라2,12.0
"경기도 가평군 가평읍 호반로 2387, 제1동 1~4층",가평박하사탕펜션,11.0
"경기도 가평군 북면 가화로 1168-26, 1층~2층",가평 르벨라 펜션,4.0
"경기도 가평군 북면 가화로 1168-32, 1~2층",플레이38,4.0
"경기도 가평군 북면 가화로 1168-52, 1층~2층",듀얼스테이포레,5.0
"경기도 가평군 북면 가화로 1364-22, 1동",뉴캐슬,13.0
경기도 가평군 북면 가화로 1364-57,가평 미라발레 독채 단체 풀빌라 펜션,3.0
경기도 가평군 북면 가화로 1364-59,가평미라몬티풀빌라펜션,3.0
"경기도 가평군 북면 가화로 1364-66 (제령리 597-1 A,B,C,가,나,다동 각1~2층, 597-7 A,B,C,D동 각1~2층 총10호)",대지의 천상,10.0
"경기도 가평군 북면 가화로 1422-26, 2층~4층",가인키즈&패밀리 대형온수수영장,5.0
"경기도 가평군 북면 가화로 1462-39, 1~3동",멍스테이펜션,9.0
경기도 가평군 북면 가화로 1468,가평니노키즈풀빌라스파수영장펜션,3.0
"경기도 가평군 북면 가화로 1476-30, 1,2,3동 1,2층",에스앤비펜션,9.0
"경기도 가평군 북면 가화로 2372-25, 2372-47, 총2개동(각1층~2층)",미즈베베 키즈풀빌라,4.0
"경기도 가평군 북면 가화로 2372-28, 1층~2층",아이스크림 키즈 풀빌라,4.0
"경기도 가평군 북면 가화로 2372-31, A동(1층~2층),B동(1층~2층), 총 2개동",가평 스테이낙원 풀빌라 펜션,4.0
"경기도 가평군 북면 가화로 2372-52, 1층~4층",스위트아이풀빌라,3.0
"경기도 가평군 북면 가화로 2372-58, 1~3층",가평베이유키즈풀빌라펜션,1.0
경기도 가평군 북면 가화로 2372-60 (1층~3층),가평베이유키즈풀빌라펜션,2.0
"경기도 가평군 북면 가화로 2372-62, 1층~3층",가평밀크키즈풀빌라가족수영장펜션,1.0
"경기도 가평군 북면 가화로 2372-64, 1층~3층",가평우유키즈풀빌라가족수영장펜션,1.0
"경기도 가평군 북면 가화로 2388-20, 제1동 1층~2층",라온포레키즈풀빌라,3.0
경기도 가평군 북면 가화로 2389-16,레젤프펜션,9.0
"경기도 가평군 북면 가화로 2555-13, 1동~5동,북면가화로2545,A,B동",리치하우스,5.0
"경기도 가평군 북면 가화로 2593, 가, 나동",펜션 루,4.0
"경기도 가평군 북면 가화로 2863-12, 1층~2층",이플펜션,4.0
"경기도 가평군 북면 가화로 3087-29, B,C,D,E,F,G,H동 각1층",스위트밸리 펜션,7.0
경기도 가평군 북면 꽃넘이길 104,"가평엥겔베르그 가족,커플,애견동반스파",7.0
"경기도 가평군 북면 꽃넘이길 108, 1~3층",루체른,7.0
"경기도 가평군 북면 꽃넘이길 112, A~F동",루체른 펜션,7.0
"경기도 가평군 북면 꽃넘이길 115-47, 제2동~9동 (각1층)",무지개농원,8.0
"경기도 가평군 북면 꽃넘이길 35, A동 1층~3층",가평풀빌라더웰니스풀빌라&스파,5.0
"경기도 가평군 북면 꽃넘이길 35-1, 1층~3층",더웰니스펜션,5.0
"경기도 가평군 북면 꽃넘이길 49, 1동,2동,3동(각1층)",로맨틱533펜션&캠프,3.0
"경기도 가평군 북면 꽃넘이길 51, 주1동, 1층 일부",별빛마루펜션계곡유원지,1.0
"경기도 가평군 북면 꽃넘이길 59, 가동,나동 1~2층",가평 티앤 풀빌라 키즈 가족 스파펜션,6.0
"경기도 가평군 북면 꽃넘이길 63 (총2개동) 1동,2동 각1~2층,1층",티앤스파펜션,7.0
경기도 가평군 북면 꽃넘이길 71-1,은하눌풀빌라,6.0
"경기도 가평군 북면 꽃넘이길 72, D동 1,2층",내림스테이 감성 풀빌라,6.0
"경기도 가평군 북면 꽃넘이길 72, E동 1~2층",가평 콩콩키즈 풀빌라,2.0
경기도 가평군 북면 꽃넘이길 73,포그니,5.0
"경기도 가평군 북면 꽃넘이길 84, A,B,C동",달그린키즈풀빌라&스파,6.0
"경기도 가평군 북면 꽃넘이길 87-11, 가,나동 1~3층",테라피스파펜션,8.0
"경기도 가평군 북면 꽃넘이길 87-13, 가동,나동 (각1층~2층)",까사벨라풀빌라,5.0
"경기도 가평군 북면 꽃넘이길 87-19, 1~2층",카사레스,7.0
"경기도 가평군 북면 꽃넘이길 87-25, 1동(1층~3층), 2동(1층)",디노펜션,6.0
"경기도 가평군 북면 꽃넘이길 87-47, 1동 1~3층",륀느펜션,6.0
"경기도 가평군 북면 꽃넘이길 95, 나,다,라동",쇼콜라펜션,3.0
"경기도 가평군 북면 논남기길 14-1, 1동(1~2층),2동(1층),14-2 1동~5동(각1,2층), 14-3(1~2층)",잠깨고키즈풀빌라,7.0
"경기도 가평군 북면 논남기길 510-1, A, A-1, B, C, C-1, D동 각 1~2층",텔렘,6.0
"경기도 가평군 북면 논남기길403번길 63, 1동,2동 각1층",403벨리(valley),2.0
"경기도 가평군 북면 막골길 18-124, 주1동~3동 1층, 주4동(관리동)",낮잠,3.0
"경기도 가평군 북면 멱골로 145, 2동 1~2층,옥탑1층",유키즈풀빌라펜션,3.0
"경기도 가평군 북면 멱골로 204-17, A동B동C동(각1,2층), E동(1층)",뮤위즈풀빌라,4.0
"경기도 가평군 북면 멱골로 204-20, 1동(1층),2동~4동(각2층)",오드아이키즈풀빌라,6.0
"경기도 가평군 북면 멱골로 204-29, 주1,2동",힐링포레스트,1.0
"경기도 가평군 북면 멱골로 204-31, 제1동,제2동,제3동 각1층~2층",보니애키즈풀빌라,3.0
"경기도 가평군 북면 멱골로 205-10, 제1동~제5동 각 1층",또바기스파글램핑,5.0
"경기도 가평군 북면 멱골로 237, 주1~주8동(각1층), 멱골로 239 주9동(1층), 총9개동",오쿨리펜션,9.0
"경기도 가평군 북면 멱골로272번길 122 (북면 목동리 214-1 (2~3층), 214-2(214-3) 1~2층 총16호",미유풀빌라앤스파펜션,16.0
"경기도 가평군 북면 백둔로 105-2, 1,2층",가평 백낙제101 가족 단체 풀빌라,3.0
경기도 가평군 북면 백둔로 132,폴라리스키즈펜션,7.0
"경기도 가평군 북면 백둔로 238, A동, 238-5 주1동, 주2동",인펜션,8.0
"경기도 가평군 북면 백둔로 325, 1~2층",스토리벨리펜션,5.0
"경기도 가평군 북면 백둔로 379 (백둔리 342-2), 총1개동 1~2층",가평노팅힐계곡애견펜션A,4.0
"경기도 가평군 북면 백둔로 379 (백둔리 343외3필지),총1개동 1~2층",노팅힐펜션C,3.0
"경기도 가평군 북면 백둔로 379, 1~2층",가평노팅힐계곡애견펜션,4.0
경기도 가평군 북면 백둔로 389,포시즌밸리계곡애견펜션,7.0
"경기도 가평군 북면 백둔로 441, 주1동(3층), 주8동~주22동(각1층)",연인산다목적캠핑장,23.0
"경기도 가평군 북면 백둔로 458-31 (1동2층), 458-34(제1동 1층~4층)",오세르키즈앤패밀리풀빌라,6.0
"경기도 가평군 북면 백둔로 483, 1~14동",가평글램하바나풀빌라펜션,14.0
"경기도 가평군 북면 백둔로 485, 총 4개동 1~4동",가평글램하바나펜션,3.0
"경기도 가평군 북면 백둔로 508, 1~2층",아이캐슬,2.0
"경기도 가평군 북면 백둔로 510-130, A,B,C동",깊은사나래,6.0
"경기도 가평군 북면 백둔로 510-16, 1층~3층",뚜르키즈풀빌라펜션,4.0
"경기도 가평군 북면 백둔로 510-20, 가동(2층~3층)나동(1층~2층)다동(1~2층)",아이캐슬2,5.0
"경기도 가평군 북면 백둔로 510-60, 1층~4층",바니힐키즈풀빌라,7.0
"경기도 가평군 북면 백둔로 510-64, 2,3,4층",끌레르키즈풀빌라,7.0
"경기도 가평군 북면 백둔로 52, 플로라펜션 A동 1~2층",플로라,8.0
"경기도 가평군 북면 백둔로 567-10, 가,나동",코지키즈펜션,5.0
"경기도 가평군 북면 백둔로 61-48, 61-50 각1~2층",가평소베라노독채풀빌라,2.0
"경기도 가평군 북면 백둔로 61-62, 제1동",가평라비에벨독채풀빌라,2.0
"경기도 가평군 북면 백둔로 61-72, 1,2층",통통키즈풀빌라,6.0
"경기도 가평군 북면 백둔로 61-76, 주1동 1층~2층",하릅펜션,8.0
"경기도 가평군 북면 백둔로133번길 12-12, 2~3층",ZANI pension(자니펜션),4.0
"경기도 가평군 북면 백둔로133번길 12-7, 2,3층",어울림펜션,5.0
"경기도 가평군 북면 백둔로133번길 34, 제1동~3동(각1층~2층), 제4동(1층)",곰사냥을떠나자펜션,10.0
"경기도 가평군 북면 백둔로133번길 40, A,B동",아이엠101,9.0
"경기도 가평군 북면 백둔로133번길 68-26, 1동 1,2층",하늘2,5.0
"경기도 가평군 북면 백둔로133번길 68-26, 가,나동",하늘,7.0
"경기도 가평군 북면 백둔로133번길 68-34, 2,3층",감사한펜션,10.0
경기도 가평군 북면 백둔로133번길 72,가평더뮤즈펜션,8.0
"경기도 가평군 북면 백둔로133번길 8, 1동(지하1층~2층), 2동(1층)",계곡휴펜션,7.0
"경기도 가평군 북면 백둔로467번길 36-46, A,B동",비481감성펜션,6.0
"경기도 가평군 북면 백둔로467번길 5-7, <1동(1층~2층), 2동(1층)>",NO.9 넘버나인 펜션,9.0
"경기도 가평군 북면 백둔로467번길 65-25, A,B,C동",베네치아,6.0
"경기도 가평군 북면 백둔로467번길 65-27, 1~3층",로렌시아,6.0
경기도 가평군 북면 백둔로650번길 62,가평전원별장펜션,2.0
"경기도 가평군 북면 싸리재길 16, 2동 1,2층",나비잠,7.0
"경기도 가평군 북면 싸리재길 97-4, 1~3층",헤테로토피아,1.0
경기도 가평군 북면 용수목길 45,밸리인밸리,6.0
"경기도 가평군 북면 용수목길 8-9, A동",펜션 로빈나 문화마을,8.0
"경기도 가평군 북면 제령아랫말길 67-20, 1동 1~2층",루아펜션,4.0
"경기도 가평군 북면 제령아랫말길 67-26, 가,라동 1층",눈깔사탕펜션,8.0
"경기도 가평군 북면 제령아랫말길 67-61, 주1동1층~2층,부1동 1층,부2동 1층",제령포레스트펜션,9.0
"경기도 가평군 북면 카이저길 58-12, 제1동~제4동(각1층~2층), 제5동(2층)",까르르키즈풀빌라,5.0
"경기도 가평군 북면 카이저길 58-14, 제1동,제2동 각1층",볕아래,2.0
"경기도 가평군 북면 화악산로 1356-25, 제1동(1층~2층), 제2동(1층)",별빛은하수,3.0
"경기도 가평군 북면 화악산로356번길 44-61, 2층",자연속에 둥지펜션,6.0
"경기도 가평군 북면 화악지암길 285-116, 가~바동,화악리252-8~20,22~26(각1층~2층)",하우스25,25.0
"경기도 가평군 북면 화악지암길 285-138, 1~2층",자연을그리는사람들,1.0
경기도 가평군 북면 화악지암길 285-160,별빛마을리조트,1.0
"경기도 가평군 상면 깃대봉길 2, 2~5층",가평힐링리조트,19.0
"경기도 가평군 상면 대보간선로 602-111, 1~2층",페가수스,4.0
"경기도 가평군 상면 대보간선로 602-111, 1~2층",카시오페아,4.0
"경기도 가평군 상면 대보간선로 602-111, 1~2층",페르세우스,4.0
"경기도 가평군 상면 대보간선로 602-111, 1~2층",안드로메다,4.0
"경기도 가평군 상면 대보간선로 602-111, 1~2층",헤라클레스,4.0
"경기도 가평군 상면 대보간선로 602-111, 1층",에리다누스,4.0
"경기도 가평군 상면 덕현산장길 11-245, 주1동, 2동(관리동 일부) 각1층",강변의 숲속,2.0
"경기도 가평군 상면 덕현산장길 71, 1~5,7(6개동)동 15호",산장관광지,10.0
"경기도 가평군 상면 돌아우길 101, 주1동~2동 (1층~2층),주3동 1층",크림스톤,2.0
"경기도 가평군 상면 돌아우길 14, 총3개동(각 1~2층,1층,1층) A동,B동C동",더멜로우키즈풀빌라,3.0
"경기도 가평군 상면 돌아우길 25-29, 1,2층",비비키즈풀빌라,3.0
"경기도 가평군 상면 돌아우길 25-31, 1~2층",비비키즈풀빌라2,4.0
"경기도 가평군 상면 돌아우길 25-59, 각1층(일부)~2층,1~2층(총2개동) 주건축물제1,2동",또또키즈풀빌라,4.0
"경기도 가평군 상면 돌아우길 27, 1~3동, 각 1~2층",토이키즈풀빌라,5.0
"경기도 가평군 상면 돌아우길 42-24 (총3개동), 1~2층(1동,2동), 1층(3동) 주건축물제1동~제3동",조이키즈풀빌라,5.0
"경기도 가평군 상면 돌아우길 42-26 (총5개동), 1~2동 각1~2층, 3~5동1층 주건축물제1동~제5동",루나키즈풀빌라,9.0
"경기도 가평군 상면 돌아우길 51, 1동~2동 (각1층~2층)",바오키즈풀빌라A,5.0
"경기도 가평군 상면 돌아우길 56, 주2(1~3층 ),주3(1~2층)호 (풀빌라드림)",플로팅웨일가평 풀빌라스파리조트,8.0
"경기도 가평군 상면 돌아우길 61-25, 1동,2동 (각1층~2층)",바오키즈풀빌라B,5.0
경기도 가평군 상면 돌아우길 61-41 (총5개동) 주건축물제1동~5동 각1층~2층,피터팬키즈풀빌라주식회사,13.0
"경기도 가평군 상면 돌아우길 64-11, A동,B동,C동(각1층~2층)",나나키즈풀빌라,7.0
"경기도 가평군 상면 둔덕말길 13-30, 주1동~주8동 각 1층",리포레풀글램핑,7.0
"경기도 가평군 상면 둔덕말길 13-60, 총4개동(1동~2동:1~2층,3동~4동:1층) 주건축물제1~4동",달빛솜솜키즈풀빌라,6.0
"경기도 가평군 상면 둔덕말길 91, 1층~2층",가평베네스트펜션,8.0
"경기도 가평군 상면 벌말길 113-7, 1층",해밀,1.0
"경기도 가평군 상면 비룡로 1705-1, 주건축물 제1동 2,3층",사랑해수지야,6.0
"경기도 가평군 상면 비룡로 1960-26, 제1동,제2동 각1~2층",쥬쥬키즈풀빌라펜션,6.0
"경기도 가평군 상면 샘골길 3-24, 1층",두바이 풀빌라2,1.0
"경기도 가평군 상면 샘골길 3-26, 1~6동(각동 1,2층 6호)",두바이 풀빌라,6.0
"경기도 가평군 상면 수목원로 170-15, 주1동~주4동(1층~2층)",꼬모키즈풀빌라,11.0
"경기도 가평군 상면 수목원로 170-16, 주1동~주4동(1층~2층)",꼬모키즈풀빌라2,11.0
"경기도 가평군 상면 수목원로 170-5, 주1동~주4동(1층~2층)",모모애견풀빌라,8.0
"경기도 가평군 상면 수목원로 193, 2동 1~3층",솔모닝펜션,7.0
"경기도 가평군 상면 수목원로 262-34, 1동",앙티브,5.0
경기도 가평군 상면 수목원로 262-37 (총3개동) 주건축물제2~4동 1~2층,애플밸리,3.0
경기도 가평군 상면 수목원로 262-39,애플밸리펜션,6.0
"경기도 가평군 상면 수목원로 279, 1,2층",블라썸펜션,8.0
"경기도 가평군 상면 수목원로 279-85, A동",디오르펜션A,6.0
"경기도 가평군 상면 수목원로 279-85, B동",디오르펜션B,4.0
"경기도 가평군 상면 수목원로 300-88, 1~2층",엘리의 정원,1.0
"경기도 가평군 상면 수목원로 355-20, B동 1~2층",모블리펜션,6.0
"경기도 가평군 상면 수목원로 359 (수목원로 359, 357) 5동 5호",빌라라온,5.0
"경기도 가평군 상면 수목원로 382-10, 1~2층",초록망고,2.0
"경기도 가평군 상면 수목원로 382-8, 1~2층",파란망고,2.0
"경기도 가평군 상면 수목원로 92-45, A,B동 각1층,1~2층",임초리부뚜막 풀빌라,6.0
"경기도 가평군 상면 수목원로150번길 27-24 (총2개동) 1동,2동 각1층~2층",더(the)풍경,2.0
"경기도 가평군 상면 수목원로150번길 28, A, B동",하나키즈풀빌라 주식회사 오페라하우스 지점,5.0
"경기도 가평군 상면 수목원로150번길 28-9, 1동~2동(각1층~2층),3동(지하1층~2층)",아토키즈풀빌라,5.0
"경기도 가평군 상면 수목원로164번길 16 (총8개동)1~5동 1층, 6~8동 1~2층",멍밸리,10.0
"경기도 가평군 상면 수목원로164번길 29, 1동~6동 각 1,2층 총6호",모아이 애견동반풀빌라펜션,6.0
"경기도 가평군 상면 수목원로164번길 42-128, 1~2층",솔향추,1.0
"경기도 가평군 상면 수목원로386번길 10-2, 1-2층",꿈속에서,2.0
"경기도 가평군 상면 수목원로386번길 10-55, 1~2층",토리네,1.0
경기도 가평군 상면 수목원로386번길 12-17 (상면 행현리 648-1) 1~2층,가평애견펜션,5.0
"경기도 가평군 상면 수목원로386번길 12-17, 1동~5동, 7동~12동",애견펜션하루강아지,11.0
"경기도 가평군 상면 수목원로386번길 13, 1층",아침휴플러스,2.0
"경기도 가평군 상면 수목원로386번길 14, 1동 1~2층, 2동 2층",베일리애견풀빌라펜션,5.0
"경기도 가평군 상면 수목원로386번길 14-11, 주건축물제1동 지하1층~지상3층",레이키푸이스토키즈리조트(Leikkipuisto),17.0
"경기도 가평군 상면 수목원로386번길 14-12, 1동(1~2층), 2동(1층), 3동(1층)",투독플레이스,9.0
"경기도 가평군 상면 수목원로386번길 14-6, A,B동 1~2층",잰트리,5.0
"경기도 가평군 상면 수목원로386번길 43 (행현리 621-1(1~2동), 621-2, 621-6, 621-7)",블루문펜션,10.0
"경기도 가평군 상면 안말길 55-91, 가동,나동,다동,라동,마동",응투네,2.0
"경기도 가평군 상면 왕대벌길 113-83, 1동 1~3층",보보애견풀빌라,6.0
"경기도 가평군 상면 윗다원길 65-120, 1층~5층",하늘과땅사이힐링스테이,10.0
"경기도 가평군 상면 임초밤안골로 115-25, 주건축물제1동~8동(총8개동) 1층",주식회사 설레인풀빌라글램핑펜션,8.0
"경기도 가평군 상면 임초밤안골로 115-41, 1~2층",삐삐키즈풀빌라&글램핑풀카라반,3.0
"경기도 가평군 상면 임초밤안골로 115-45, 주건축물제1동(1~2층), 주건축물제2동(1층)",삐삐키즈풀빌라,3.0
"경기도 가평군 상면 임초밤안골로 115-46, 1층~2층",삐삐키즈풀빌라&글램핑카라반,3.0
"경기도 가평군 상면 임초밤안골로 117-18, 주1동 1층, 부1동 1~2층, 부2동 1층",안다미로 스테이,3.0
"경기도 가평군 상면 임초밤안골로 119-100, 1동,2동,3동(각1층~2층)4동,5동(각1층)",골드스푼애견풀빌라,5.0
"경기도 가평군 상면 임초밤안골로 119-102, 1동,2동(각1층~2층),3동,4동, 5동(각1층)",체리몽애견풀빌라,5.0
"경기도 가평군 상면 임초밤안골로 119-104, 1동,2동(각1층~2층)3동,4동,5동(각1층)",바비애견풀빌라,5.0
"경기도 가평군 상면 임초밤안골로 119-106, 108, 110, 112, 114, 116, 118, 124",빌라드가평,7.0
"경기도 가평군 상면 임초밤안골로 119-194, 가,나,다동",가평N703독채스파펜션,3.0
경기도 가평군 상면 임초밤안골로 119-258,가평의아침,4.0
"경기도 가평군 상면 임초밤안골로 119-95, A동 1층, B.C동 각 2층",나르샤의정원,5.0
"경기도 가평군 상면 임초밤안골로 119-98, 주1동(1층),주2동~주4동(각1층~2층),주5동(1층) 총5개동",편한키즈애견풀빌라,7.0
"경기도 가평군 상면 임초밤안골로 120-24, 1층~2층",수박이네 가평펜션 아침고요수목원점,4.0
"경기도 가평군 상면 임초밤안골로 153-15, 주1동 1층, 주3~주6동 각 1층.",무야스테이,4.0
"경기도 가평군 상면 임초밤안골로 153-23, A,B,C동",보니하니,8.0
"경기도 가평군 상면 임초밤안골로 162-13, A,B동 각1~2층",라라키즈풀빌라,6.0
"경기도 가평군 상면 임초밤안골로 162-14, A,B동 각1층~2층",라라키즈풀빌라투(Ⅱ),6.0
"경기도 가평군 상면 임초밤안골로 162-5, 1층",나무,1.0
"경기도 가평군 상면 임초밤안골로 173, 주1동(1~2층)주2동(1층,옥탑1층)주3동(1~2층)주4동(1층)",스토리166,10.0
"경기도 가평군 상면 임초밤안골로 212, 1~3층",임초리부뚜막,11.0
"경기도 가평군 상면 임초밤안골로 216, A,B,C,D,E,F,G,H동",에스엔제이,8.0
"경기도 가평군 상면 임초밤안골로 225, 나,다,라,마동 각1~2층",초록빛펜션,8.0
"경기도 가평군 상면 임초밤안골로 239, 주1동(1층), 주2동(1층), 주3동(1층~2층)",애림,2.0
"경기도 가평군 상면 임초밤안골로 247-14, 주1동,주2동(각1~2층)",딩동댕애견스파풀빌라,4.0
"경기도 가평군 상면 임초밤안골로 251, 1동",오블리&화이트펫,8.0
"경기도 가평군 상면 임초밤안골로 254, 1층",나아하(빌라모자이크),2.0
"경기도 가평군 상면 임초밤안골로 269-14, 1~5동",멍멍 스테이 애견펜션,9.0
"경기도 가평군 상면 임초밤안골로 306, 1동~4동(각2층)",오로라키즈풀빌라,10.0
"경기도 가평군 상면 임초밤안골로18번길 68, 1동~3동 각1~2층, 4동 1층",오늘도가평키즈풀빌라,4.0
"경기도 가평군 상면 청군로 1556, 1동(1층,3층),2동~5동(각1층~2층),6동~13동(각1층)",비비&숑숑 반려견펜션,14.0
"경기도 가평군 상면 청군로 1575-30, 주1동~주10동 각 1층, 주11동 1~2층",밸리21(1),10.0
"경기도 가평군 상면 청군로 1575-31, 주1동~주7동 각 1층, 주8동 1~2층",밸리21(2),7.0
"경기도 가평군 상면 청군로 1575-61, 주1동~주4동 각1층,주5동1층,2층",밸리21(3),4.0
"경기도 가평군 상면 청군로 1653, 지하1층, 2~3층",포유(4U)풀빌라&스파,9.0
"경기도 가평군 상면 청군로 719-49, 51,57,65,67,69,71,75,55,59,61,63,73",클로이펜션,10.0
"경기도 가평군 상면 청군로 753-95, 753-99",부에노스 펜션,4.0
"경기도 가평군 상면 청군로 776-72, 주1~2동(각1~2층),776-70 주1,2,4동(각1층),부1~2동(각1층)",심심풀이,2.0
경기도 가평군 상면 청우산1길 30,가평 녹수계곡 펜션,12.0
경기도 가평군 상면 청우산1길 39,쎄렌체 팬션,4.0
"경기도 가평군 상면 축령로 117, A~G동 7동 7호",가평밸리캠핑파크2,7.0
"경기도 가평군 상면 축령로 127, 1,2,3동",불멍캠프하우스Ⅱ,3.0
"경기도 가평군 상면 축령로 127, A,B,C,D동",불멍캠프하우스Ⅰ,8.0
"경기도 가평군 상면 축령로 143, 139  1~2동,141 1~7동, 143-1",가평밸리캠핑파크1,10.0
"경기도 가평군 상면 축령로 149, 1동~5동(2층),6동~8동(1~2층)/총8개동 1동~8동",어썸키즈풀빌라 가평키즈펜션 가족&수영장&계곡펜션,8.0
"경기도 가평군 상면 축령로 158, 2동, 160, 1~6동",가평밸리캠핑파크3,8.0
경기도 가평군 상면 축령로 171-19 (총5개동) 1동~5동 각 1~2층,하이몽애견풀빌라,5.0
"경기도 가평군 상면 축령로 171-24 (행현리805-1외1필지(805-27),805-4,805-12) 총3개동 14개호",하이몽,14.0
"경기도 가평군 상면 축령로 183-210, A동2,3층,183-101 1동~5동,183-196 1,2층",토리펜션,10.0
"경기도 가평군 상면 축령로 217-94, 주1동~주2동, 총2개동(각1층)",백림스테이,2.0
"경기도 가평군 상면 축령로 276-16, 1동, 2동(각1층~2층)",개댁(GAE DACK),5.0
"경기도 가평군 상면 축령로 306, A동",축령산 히든벨리,15.0
"경기도 가평군 상면 축령로45번길 100, A,C,가,나동",팝콘하우스펜션1,12.0
"경기도 가평군 상면 축령로45번길 101, 주1동, 1층~2층",포도밭 댕댕이 펜션,5.0
"경기도 가평군 상면 축령로45번길 104, 1,2,3동",팝콘하우스펜션2,4.0
"경기도 가평군 상면 축령로45번길 114-20, 주1동,주2동 각1~2층, 축령로45번길 114-22 주1동,주2동 각1~2층",워터파크아이린키즈풀빌라,12.0
"경기도 가평군 상면 축령로45번길 62-27 (총2개동) A동,B동 각1~2층",파인트리키즈풀빌라,5.0
"경기도 가평군 상면 축령로45번길 85, 1~4동",라푼젤키즈풀빌라,9.0
"경기도 가평군 상면 축령로45번길 93-12, 가,나,다,라동, 축령로45번길 93-14 주1동, 주2동",망고키즈풀빌라,8.0
"경기도 가평군 상면 축령로45번길 93-48, A,B,C동",휴네스트펜션,9.0
"경기도 가평군 상면 축령로70번길 44-45, 1동 1~2층",퍼니키즈풀빌라,3.0
"경기도 가평군 상면 축령로70번길 91-16, A,B,C,D,관리동",알테르문디,4.0
"경기도 가평군 상면 한사간길 73, 가,나,다동",더하루 풀빌라,3.0
"경기도 가평군 설악면 국수터길 13-1, 1,2층",큐브45,15.0
"경기도 가평군 설악면 국수터길 9, 1~5동",스테이지풀빌라,5.0
"경기도 가평군 설악면 국수터길 9-1 (1동, 2동, 부속1동)",스테이44,8.0
"경기도 가평군 설악면 국수터길 9-2 (1동, 2동)",LX22풀빌라리조트,4.0
"경기도 가평군 설악면 다락재로 217-2, 1층~2층",까사스위스,1.0
"경기도 가평군 설악면 다락재로 219-2, 1층~2층",까사스위스2,2.0
"경기도 가평군 설악면 다락재로 253-43, 1층~2층",오롯이 쉼,1.0
경기도 가평군 설악면 다락재로 253-75,순이네,1.0
"경기도 가평군 설악면 다락재로 310, A, B, C, D, E동",에델바이스가평펜션,4.0
경기도 가평군 설악면 다락재로485번길 49-44 (1동~3동) 1층,아이놀터,3.0
"경기도 가평군 설악면 묵안로 287 (1동,2동,3동), 289(1동,2동)",반디빌리지,6.0
경기도 가평군 설악면 묵안로 934 (총3개동) 주3동~주5동 각1층,휴밸리(관광농원),3.0
"경기도 가평군 설악면 묵안로 976-5, 1동~9동",M189,7.0
"경기도 가평군 설악면 미사리로 501-30 (1동~7동), 501-32(1동~8동)/총 15개동",미사719펜션,15.0
"경기도 가평군 설악면 미사리로 707-437, 1~4층",가평리버뷰,16.0
"경기도 가평군 설악면 미사리로645번길 199-18, 2층(객실1개),3층(객실2개) 2~3층",별통천문대펜션,3.0
"경기도 가평군 설악면 미사리로645번길 204-110, 2~3층",연꽃호수펜션,6.0
"경기도 가평군 설악면 미사리로645번길 207-9, 주1동 1층(A동, B동), 645번길 203(관리동)",녹하(NOKHA),2.0
"경기도 가평군 설악면 봉미산안길 139, A동,B동(각1층~3층),C동(1층~2층)총3개동",아란풀빌라펜션,8.0
"경기도 가평군 설악면 봉미산안길 145, A동, B동(각1~3층), C동(1~2층), 총3개동",아란풀빌라,9.0
"경기도 가평군 설악면 봉미산안길 212-9, 지하1층~지상1층",샤또드설곡,1.0
"경기도 가평군 설악면 어비산길 114-28, 제1동 1층",리스테이,2.0
"경기도 가평군 설악면 어비산길 150, 1~2층",스위스밸리,7.0
"경기도 가평군 설악면 어비산길 18-6, 가동(1층~2층),18-8 나동(1층~2층)",가평 카라반힐스 풀빌라 펜션,2.0
"경기도 가평군 설악면 엄소속골길 85-15, 주1동 1층~2층",슬라이드키즈풀빌라펜션,3.0
"경기도 가평군 설악면 엄소속골길 85-23, 주1동 1~2층",파인피노,1.0
"경기도 가평군 설악면 엄소속골길 85-31, 가동 1층~2층",파인피노/104동,1.0
"경기도 가평군 설악면 엄소속골길 85-35, 가동 1층~2층",파인피노/103동,1.0
경기도 가평군 설악면 용문천길 70,THANK YOU DOG (땡큐도그),11.0
경기도 가평군 설악면 유명로 1007-99 (총4개동) 1동~4동 1층~2층,아모라 프리미엄 풀빌라,4.0
"경기도 가평군 설악면 유명로 1013-75, 주1동 1층",미루숙박,4.0
경기도 가평군 설악면 유명로 1746-10,SKY펜션,18.0
"경기도 가평군 설악면 유명로 1943-130, 1층",가평푸르미독채펜션,1.0
"경기도 가평군 설악면 유명로 1943-52 (1동), 유명로 1943-58 (2동), 각 1~3층",라비타키즈풀빌라,6.0
"경기도 가평군 설악면 유명로 1943-53, 1~2층",무지개펜션,2.0
"경기도 가평군 설악면 유명로 1943-57 (가동 1~2층, 나동 1층)",여울펜션,3.0
경기도 가평군 설악면 유명로 2080 (총2개동) 주1동~주2동 각1~2층,샤인키즈풀빌라,4.0
"경기도 가평군 설악면 유명로 2102 (총3개동) 주건축물제1동, 제2동,제3동 각 1층",카스타나,2.0
"경기도 가평군 설악면 유명산길 110, 산아래 펜션 A동 1층",산아래펜션A동,3.0
"경기도 가평군 설악면 유명산길 35, 1~2층",지안W,3.0
"경기도 가평군 설악면 유명산길 37, 2층",지안A,6.0
경기도 가평군 설악면 자잠로 286-13,모자이크 그래닛,3.0
경기도 가평군 설악면 자잠로 286-17,클리프(빌라모자이크),2.0
"경기도 가평군 설악면 자잠로 286-9, , 286-11","트레버틴, 마콤(빌라모자이크)",3.0
"경기도 가평군 설악면 자잠로282번길 34-46 (주1동, 부속1동), 자잠로282번길 34-30(주1~4동)",음악의 숲 호스텔,6.0
"경기도 가평군 설악면 자잠로282번길 93, 주1동, 1~3층",AUGUST(어거스트) 호스텔,2.0
"경기도 가평군 설악면 한서로210번길 238-78, 지하1~1층,238-80,238-82,238-84 각1~2층(총4개동)",가평 이야기잇다 펜션,4.0
"경기도 가평군 설악면 한서로375번길 115, 1층",설악힐링스테이지,1.0
경기도 가평군 설악면 한서로375번길 133 (총5개동) 주건축물제1동~5동 각1~2층,초록빛하루,5.0
"경기도 가평군 설악면 한서로375번길 142-32 (총2개동) 1동~2동 각1~2층,1층",샘하우스,2.0
"경기도 가평군 설악면 한서로375번길 146, 제2동 1층",스테이오로지,1.0
"경기도 가평군 설악면 한서로375번길 93-34, 93-38(각1층)",가평설악펜션,2.0
"경기도 가평군 조종면 대보간선로 495-10, 골든빌리지2다동 1~2층",한송,4.0
"경기도 가평군 조종면 대보간선로 495-10, 골든빌리지2마동 1~2층",청솔,4.0
경기도 가평군 조종면 대보간선로 617 (총3개동) 주건축물제1동~3동 각1~2층,빛나키즈랜드1,3.0
"경기도 가평군 조종면 대보간선로 621, 1동(1층~2층),2동(1층)",빛나키즈랜드2,4.0
"경기도 가평군 조종면 명지산로 337-251, 1,2,3동",가평펜션 타샤의 정원,12.0
"경기도 가평군 조종면 명지산로 463, 총4개동 가동,나동,다동,라동 각 1층",계곡에풍덩펜션캠핑장,4.0
경기도 가평군 조종면 명지산로 566 (총7개동) 주건축물제1동~7동 각1층~2층,더알라딘키즈풀리조트,15.0
"경기도 가평군 조종면 세곡로 154, 주2동,주3동",BS풀빌라,1.0
"경기도 가평군 조종면 세곡로 156, 2동~6동(각 1층)",BS풀빌라,5.0
"경기도 가평군 조종면 연인산로474번길 47-77, 주1~7동, 각1~2층",디에펠,7.0
"경기도 가평군 조종면 연인산로474번길 91-102, A동(1층~2층)",스테이수풀2,4.0
"경기도 가평군 조종면 연인산로474번길 91-104, 1층~2층",스테이수풀1,2.0
"경기도 가평군 조종면 와곡길 101, 가동 1~2층, 나동1층",메이플인,8.0
"경기도 가평군 조종면 와곡길 3-20, 썸머힐펜션",썸머힐운악,8.0
"경기도 가평군 조종면 와곡길 3-43, 각 1층, 지하1층~지상2층(총2개동) A동,B동",예해든펜션,7.0
"경기도 가평군 조종면 와곡길 93-70, 총6개동(관리동포함) 제1동~제6동 1~2층",소중한당신 애견 독채 펜션,5.0
"경기도 가평군 조종면 운악청계로 1038-29 (주1, 1~9동), 1038-30(주2, 1~3동)",주식회사 청아재,16.0
"경기도 가평군 조종면 운악청계로 238-44, 총7개동, 각1~2층, 2층(7동) 주건축물제1동~7동",마시멜로키즈풀빌라,8.0
"경기도 가평군 조종면 운악청계로368번길 13-60, 주1동~주2동 각1층 , 주3동 1층(관리실)",빌라드화이트,2.0
"경기도 가평군 조종면 운악청계로371번길 77-32 (A동 1층, B동 1-2층, C동 1층)",산넘어펜션,3.0
"경기도 가평군 조종면 운악청계로371번길 85, A동,B동 각1~2층, 1층",다온펜션1,2.0
"경기도 가평군 조종면 운악청계로371번길 89, 총8개동(1동~7동:1층/8동:1층~2층) 제1동~제8동",다온팬션2,8.0
"경기도 가평군 조종면 운악청계로371번길 95 (운악청계로371번길93(1개동), 운악청계로371번길95(2개동))",계곡한스푼 풀빌라 스파펜션 가평점,12.0
"경기도 가평군 조종면 운악청계로371번길 98, 1~8동",리스테이펜션,10.0
"경기도 가평군 조종면 운악청계로490번길 29-27, 1동,2동,3동,4동,5동",헤이핀란드독채사우나펜션,5.0
"경기도 가평군 조종면 운악청계로491번길 134, 가,나,다동(각 1층),총3개동",더아리웃집2,3.0
"경기도 가평군 조종면 운악청계로491번길 140, 가동(1~2층)나동(1층),총2개동",더아리웃집1,3.0
"경기도 가평군 조종면 운악청계로491번길 154-24, 주1동~7동(각1층~2층)",모블리키즈애견커플가족풀빌라,7.0
"경기도 가평군 조종면 운악청계로491번길 79-8, 1동 2층 5호",스테이산들펜션 계곡 수영장 단체 가족,5.0
"경기도 가평군 조종면 현등사길 32, 제1동 2층~3층",산바라기펜션,3.0
"경기도 가평군 조종면 현등사길 33, A동",아름펜션,6.0
"경기도 가평군 조종면 현등사길 35-24 (총 2개동) 가동,나동 각1~2층",아틀라스펜션,11.0
"경기도 가평군 조종면 현등사길 55-209, 가,나,다,라,마동",하루키즈풀발라,7.0
"경기도 가평군 조종면 현등사길 55-231 (101호,201호),55-245,55-247(각1~2층)",팡팡키즈풀빌라1,6.0
"경기도 가평군 조종면 현등사길 55-233, 55-235,55-237,55-239,55-241(각1~2층)",가평 노래방 옆 풀빌라2동,10.0
"경기도 가평군 조종면 현등사길 55-243, 외 7필지(총8개동)",더클리프풀빌라,16.0
"경기도 가평군 조종면 현등사길 55-253, 1~2층",팡팡키즈풀빌라,1.0
"경기도 가평군 조종면 현등사길 55-255, 외6필지(총7동:현등사길55-259,55-261,55-263,55-285,55-291,55-295) 각1~2층",팡팡키즈풀빌라2,21.0
"경기도 가평군 조종면 현등사길 55-265, 1층~2층",멍스빌리지6,1.0
"경기도 가평군 조종면 현등사길 55-267, 1층~2층",멍스빌리지4,1.0
"경기도 가평군 조종면 현등사길 55-269, 1층~2층",멍스빌리지5,1.0
"경기도 가평군 조종면 현등사길 55-271, 1층~2층",멍스빌리지,1.0
"경기도 가평군 조종면 현등사길 55-279, 1~2층",멍스빌리지3,1.0
"경기도 가평군 조종면 현등사길 55-281, 1~2층",멍스빌리지2,1.0
"경기도 가평군 조종면 현등사길 55-283, 1~2층",멍스빌리지1,1.0
"경기도 가평군 조종면 현등사길 55-329, 1~2층",멍펜션1,1.0
"경기도 가평군 조종면 현등사길 55-331, 1~2층",멍펜션2,1.0
"경기도 가평군 조종면 현등사길 55-333, 1~2층",멍펜션3,1.0
"경기도 가평군 조종면 현등사길 55-335, 1~2층",멍펜션4,1.0
"경기도 가평군 조종면 현등사길 55-337, 1~2층",멍펜션5,1.0
"경기도 가평군 조종면 현등사길 55-339, 1층~2층",멍펜션6,1.0
"경기도 가평군 조종면 현등사길 55-341, 1층~2층",멍펜션7,1.0
"경기도 가평군 조종면 현등사길 55-343, 1층-2층",멍펜션8,1.0
"경기도 가평군 조종면 현등사길 55-345, 1층~2층",멍펜션9,1.0
"경기도 가평군 조종면 현등사길 55-347, 1층~2층",멍펜션10,1.0
"경기도 가평군 조종면 현등사길 55-349, 1층~2층",멍펜션11,1.0
"경기도 가평군 조종면 현등사길 55-35, 55-39, 55-41, 55-43 , 55-61",운악채한옥마을C,1.0
"경기도 가평군 조종면 현등사길 55-351, 1층~2층",멍펜션12,1.0
"경기도 가평군 조종면 현등사길 55-353, 1층~2층",멍펜션13,1.0
"경기도 가평군 조종면 현등사길 55-355, 1층~2층",멍펜션14,1.0
"경기도 가평군 조종면 현등사길 55-357, 1층~2층",멍펜션15,1.0
"경기도 가평군 조종면 현등사길 55-430, 주1동~15동,19동 각1~2층",산들애파크188다산트라,15.0
"경기도 가평군 조종면 현등사길 55-462, 1동 1층",더클리프,3.0
"경기도 가평군 조종면 현등사길 55-47, 55-31, 55-35, 55-49, 55-53",운악채한옥마을B,1.0
"경기도 가평군 조종면 현등사길 55-65, 55-45, 55-51, 55-57, 55-59, 55-67, 55-69",운악채한옥마을D,1.0
"경기도 가평군 청평면 고재길 148, 1~3층",베르소C,2.0
"경기도 가평군 청평면 고재길 150, 지하1층,지상1층~3층",베르소B,2.0
"경기도 가평군 청평면 고재길 152, 1~3층",베르소A,2.0
"경기도 가평군 청평면 고재길 218-19, 1~2동 1~2층",하이팰리스,5.0
"경기도 가평군 청평면 고재길 218-33, 지하1층~2층",글램독청평,5.0
"경기도 가평군 청평면 관터길 12, 1~3층",리버12펜션,7.0
"경기도 가평군 청평면 관터길 18, 1~3층",발란펜션,6.0
"경기도 가평군 청평면 관터길 8-9, B동",엘프라도,9.0
"경기도 가평군 청평면 남이터길 15 (1~3층) ,남이터길 17(1~2층)",별찌펜션,10.0
"경기도 가평군 청평면 남이터길 28-31, 제1동 1~2층",지니키즈독채풀빌라,1.0
경기도 가평군 청평면 남이터길 29,꿈에그린펜션,2.0
경기도 가평군 청평면 남이터길 29-25,꿈에그린펜션,5.0
"경기도 가평군 청평면 남이터길 31, 가,나동 1,2층",꿈에그린펜션,6.0
경기도 가평군 청평면 남이터길 5,솔거펜션,3.0
"경기도 가평군 청평면 남이터길 52-17 (1층~2층), 52-19 (1동,2동 각1~2층)",스페인마을라스블랑카스펜션3,7.0
"경기도 가평군 청평면 남이터길 54-12, 54-13, 54-20, 각1,2층",스페인마을라스블랑카스펜션,6.0
"경기도 가평군 청평면 남이터길 54-17, 2층~3층",스페인마을라스블랑카스펜션2,5.0
경기도 가평군 청평면 남이터길 7,솔거펜션,5.0
경기도 가평군 청평면 대성강변길 22,엠앤엠펜션,7.0
"경기도 가평군 청평면 대성강변길 34, 주1, 주2, 주3동",이오스펜션,12.0
"경기도 가평군 청평면 대성강변길 46-35, 1~2층",리버하우스,2.0
"경기도 가평군 청평면 대성강변길 48, 가동 2~3층",가평펜션 아리아 리버뷰 풀빌라,6.0
"경기도 가평군 청평면 대성강변길 48, 나동 2~3층",리버아리아 풀빌라펜션,6.0
"경기도 가평군 청평면 모꼬지로 124-10, ,124-12(총2동 각1~2층)",대성리 별그리고펜션,5.0
"경기도 가평군 청평면 모꼬지로 124-14, 주1~2동",다온다펜션,3.0
"경기도 가평군 청평면 모꼬지로 124-2, 주건축물제1동(1층~2층)",모꼬지펜션,2.0
경기도 가평군 청평면 모꼬지로 124-25 (1~2층)모꼬지로124-30(1층),엠지펜션,5.0
"경기도 가평군 청평면 모꼬지로 124-32, 1층",스테이홈,2.0
"경기도 가평군 청평면 모꼬지로 124-6, 1~2층",대성리모꼬지펜션,4.0
"경기도 가평군 청평면 모꼬지로 126, 주1동 1~2층 일부, 주2동 1층~2층 일부",이음재펜션,4.0
"경기도 가평군 청평면 모꼬지로 153, A, B동 1~2층",초록나무펜션,10.0
"경기도 가평군 청평면 모꼬지로 84, 나동 1~2층",그린몽키,4.0
경기도 가평군 청평면 모꼬지로 90 (외1필지),실로암펜션,12.0
"경기도 가평군 청평면 북한강로 1565-1, 2,3,4,5,6,7,9,11,12,13,14,15",에디션리버뷰,13.0
"경기도 가평군 청평면 북한강로 1588-11, 주1동 1층",스테이HW,1.0
"경기도 가평군 청평면 북한강로 1623-13, 1~2층",강가의집,1.0
"경기도 가평군 청평면 북한강로 2110, 2112,2114 (각1층)",시고르까사,3.0
"경기도 가평군 청평면 북한강로 2141, A동 2층~4층",리버웨이브,2.0
"경기도 가평군 청평면 북한강로 2141, B동,C동(각2층~4층)",리버웨이브B,4.0
"경기도 가평군 청평면 북한강로 2141-2, A동",리버웨이브1,2.0
"경기도 가평군 청평면 북한강로 2141-2, B동,C동(각2층~4층)",리버웨이브풀빌라,3.0
"경기도 가평군 청평면 북한강로 2173, 1~3층",뉴힐링펜션,3.0
"경기도 가평군 청평면 북한강로1604번길 38, 지하1층~2층",디톡스,1.0
"경기도 가평군 청평면 북한강로1636번길 25, 제1동~제6동(각1층~2층)제7동(1층)",무아레도그라운드,6.0
"경기도 가평군 청평면 북한강로1636번길 34, 2~3층",에프원(F1),9.0
"경기도 가평군 청평면 북한강로1636번길 39, 제1동 1~2층",사과집,1.0
"경기도 가평군 청평면 북한강로1636번길 39-1, 1동 1~3층",플하우스,3.0
"경기도 가평군 청평면 북한강로1636번길 41, 1~2층",스위스산장,1.0
"경기도 가평군 청평면 북한강로1636번길 62, 1층",에프삼(F3),1.0
"경기도 가평군 청평면 북한강로1636번길 68-10, 1층",황토집,1.0
"경기도 가평군 청평면 북한강로1636번길 82, 1층~2층",에프이(F2),1.0
경기도 가평군 청평면 북한강로1824번길 15,잉카모텔,15.0
"경기도 가평군 청평면 상지로 105, 주1동~주6동(각1층~2층)",메타버스풀빌라,7.0
"경기도 가평군 청평면 상지로 123, 2~4층",키즈스테이,1.0
"경기도 가평군 청평면 상지로 131, 제1동(1층~3층),제2동~제3동(각1층~2층)",라임키즈풀빌라,6.0
"경기도 가평군 청평면 상지로 165-5, 가동 지하1~1층",호명산밸리,7.0
"경기도 가평군 청평면 수리재길 237-2, 관리동, 2~10동, 수리재길237-26 1~9동, 수리재길237-28 1~3층",골드문풀빌라글램핑,18.0
경기도 가평군 청평면 양진길 25,캐슬레이크펜션,7.0
"경기도 가평군 청평면 여울길 37, 1~2층",디움,8.0
"경기도 가평군 청평면 작은매골길 14-10, 1층",스트로베리힐,1.0
"경기도 가평군 청평면 작은매골길 14-16, 지하1~2층",레인보우힐펜션,4.0
"경기도 가평군 청평면 작은매골길 14-27, A, B동",라즈베리힐,3.0
경기도 가평군 청평면 호명리길 151,(주)가평풀빌라스테이청평,4.0
"경기도 가평군 청평면 호명리길 182, 지하1~4층",안녕오늘 풀빌라펜션,8.0
"경기도 가평군 청평면 호명리길 242, 호명리길 244 1~6동",아이리스 촌캉스,10.0
"경기도 가평군 청평면 호명리길 58-28, 주1동 지하1층~4층",풀스쿼드가평 주식회사,8.0
"경기도 가평군 청평면 호반로 887, 지하1,지상2~4층",인터라켄스테이,8.0
"경기도 고양시 일산동구 무궁화로 31-16, 남정시티프라자 7층 전체호 (장항동)",남정시티프라자,20.0
"경기도 고양시 일산동구 무궁화로 37, 노블리제 8층 전체호 (장항동)",노블리제,27.0
"경기도 광주시 곤지암읍 경충대로 451, 중부컨트리클럽 2동",중부C.C,1.0
"경기도 광주시 곤지암읍 경충대로 729, 팀업캠퍼스 캐빈동",팀업캠퍼스,5.0
"경기도 광주시 곤지암읍 새재길182번길 89, A, B동 1-2층",-,2.0
경기도 김포시 월곶면 용강로250번길 104,김포DMZ평화의 길 거점센터,4.0
경기도 남양주시 별내동 1001,별내자이더스타이그제큐티브3블럭,0.0
경기도 남양주시 별내동 1005,별내역 아이파크 스위트,3.0
경기도 남양주시 별내동 991,별내자이더스타이그제큐티브4블럭,0.0
경기도 남양주시 별내동 992,별내자이더스타이그제큐티브5블럭,0.0
경기도 남양주시 별내동 995,힐스테이트 별내역,1.0
경기도 동두천시 동광로 36-5 (생연동),동광여인숙,9.0
경기도 동두천시 삼육사로 1665-12 (탑동동),세아리조트,14.0
경기도 동두천시 탑신로 494-5 (탑동동),주식회사 알로브(ALOV),3.0
경기도 동두천시 탑신로237번길 97-69 (탑동동),케이브리조트,3.0
경기도 동두천시 평화로 2505 (생연동),젠(ZEN),28.0
경기도 부천시 소사구 성무로 7 (심곡본동),카프리,
경기도 부천시 소사구 호현로 475 (소사본동),소사빌,
"경기도 부천시 소사구 호현로474번길 14, 1~2층 (소사본동)",창성여인숙,
"경기도 부천시 오정구 원종동 275-9 2,3,4층",드림하우스,21.0
경기도 성남시 수정구 수정로188번길 4 (신흥동),없음,
경기도 성남시 수정구 수정로207번길 6 (태평동),없음,
경기도 성남시 중원구 시민로 107-4 (성남동),그레이스힐,18.0
경기도 수원시 권선구 정조로384번길 15 (세류동),더 헤르만,7.0
"경기도 수원시 권선구 호매실로 21-51, 에코스테이 주건축물제1동 12층 (고색동)",에코스테이,12.0
"경기도 수원시 장안구 연무로56번길 44, 1,2,3,4,5층 (연무동, 동문빌딩)",동문빌딩,
"경기도 수원시 장안구 파장로 71-18 (정자동,(1~8층))",아이비모텔,
"경기도 수원시 장안구 팔달로271번길 8, 4층 (영화동)",옥상파티,
"경기도 수원시 팔달구 갓매산로 67, 2~3층 (매산로2가)",명성여관,7.0
경기도 수원시 팔달구 갓매산로52번길 16 (매산로2가),영파크,22.0
"경기도 수원시 팔달구 갓매산로56번길 6, 2~6층 (매산로2가)",자볼레모텔,21.0
경기도 수원시 팔달구 갓매산로71번길 21-7 (매산로2가),더하임,28.0
"경기도 수원시 팔달구 경수대로565번길 17, 갤럭시 2층 (인계동)",실버넷,5.0
"경기도 수원시 팔달구 매산로 159-13, 2~8층 (구천동)",보원리버파크,28.0
"경기도 수원시 팔달구 매산로126번길 28, 삼성홈타운 (매교동)",삼성홈타운,21.0
경기도 수원시 팔달구 매산로126번길 37 (매교동),코너스톤,21.0
"경기도 수원시 팔달구 매산로126번길 46-7, 2~10층 (매교동)",케이타워,18.0
"경기도 수원시 팔달구 수원천로 188, 2~6층 (매교동)",엠팔라시오2,20.0
"경기도 수원시 팔달구 신풍로 34-1, 플레이스베카 5층 (신풍동)",레스트팜,3.0
"경기도 수원시 팔달구 정조로 746, 3층 (중동)",더플로우하우스 수원행궁점,1.0
"경기도 수원시 팔달구 정조로715번길 19, 수현빌 2~8층 (매교동)",수현빌,21.0
"경기도 수원시 팔달구 정조로742번길 18, 2~9층,옥상층 (구천동)",행궁돌비스테이(Haenggung Dolby Stay),16.0
경기도 수원시 팔달구 정조로742번길 9 (구천동),동성메트로,26.0
"경기도 수원시 팔달구 정조로860번길 2-13, 2,3층 (북수동)",호연주택,8.0
"경기도 수원시 팔달구 정조로905번길 17, 1,2층 (장안동)",더 여관(THE YOGWAN),9.0
경기도 수원시 팔달구 중부대로 94-12 (인계동),센트빌,29.0
경기도 수원시 팔달구 중부대로10번길 19 (구천동),동성프라임,29.0
경기도 수원시 팔달구 중부대로12번길 9 (구천동),어썸,21.0
"경기도 수원시 팔달구 향교로1번길 22-15, 2층 (매산로1가)",신세계,10.0
경기도 수원시 팔달구 효원로 53-18 (매산로3가),내안의숲,19.0
"경기도 양주시 고읍남로 20-15, 스카이캐슬 2층 (광사동)",스카이캐슬레지던스호텔,18.0
"경기도 양주시 백석읍 기산로 414-11, 2층",마장호수펜션,5.0
"경기도 양주시 장흥면 권율로 351, 제1동 1,2층, 제2동 1,2층, 제3동 1,2,3층",반딧불,3.0
"경기도 양주시 장흥면 권율로309번길 156, A동 1,2층 / B동 1층",양주티스테이,2.0
경기도 양주시 장흥면 권율로309번길 33,펜션 아트시티 투,12.0
"경기도 양주시 장흥면 권율로309번길 434-9, 1층, 2층",스톤마운틴,4.0
경기도 양주시 장흥면 권율로309번길 438,장흥힐링펜션,7.0
경기도 양주시 장흥면 권율로309번길 67-13 (주1동),여울목펜션,8.0
경기도 양주시 장흥면 권율로309번길 67-22,주식회사 원영 그레이캐슬,14.0
"경기도 양주시 장흥면 권율로309번길 99, A동 1층, B동 1,2,3층",레마르크,8.0
"경기도 여주시 강천면 걸촌동길 40, 16동",(주)자연촌 여주참숯마을,16.0
"경기도 여주시 명품1로 76, 1,2층 (연라동)",해슬리생츄어리,4.0
"경기도 여주시 북내면 운촌길 211-14, 1동",가든하임,11.0
경기도 여주시 산북면 광여로 1432-14,하나펜션,9.0
경기도 여주시 산북면 주어로 126-1,느티나무펜션,7.0
"경기도 여주시 신륵사길 17, 여주여행자센터 2~3층 (천송동)",여주여행자센터,14.0
경기도 여주시 점곡길 54 (멱곡동),여주 마조렐글램핑리조트,20.0
경기도 여주시 점동면 오갑산길 148-124,예터,4.0
"경기도 의정부시 시민로122번길 36, 나이스빌 (의정부동)",나이스빌,
"경기도 의정부시 시민로122번길 41, 스카이블루 (의정부동)",스카이블루,
"경기도 의정부시 시민로122번길 41-44, 파라곤타워 (의정부동)",명수타운,
"경기도 의정부시 시민로122번길 9-6, 우일하우스 (의정부동)",우일하우스,
"경기도 의정부시 시민로132번길 11-13, 에스턴 (의정부동)",에스턴,
"경기도 의정부시 시민로132번길 11-5, 현대하우스 (의정부동)",현대하우스,
"경기도 의정부시 시민로132번길 11-8, 동방타워 (의정부동)",동방타워,
"경기도 의정부시 시민로132번길 16, 소나무하우스 (의정부동)",소나무하우스,
경기도 의정부시 시민로132번길 32 (의정부동),드림빌 17차,
"경기도 의정부시 시민로132번길 34, 휴스테이 (의정부동)",휴스테이,
"경기도 의정부시 시민로143번길 21-4, 자연빌 (의정부동)",자연빌,
"경기도 의정부시 시민로146번길 24, 센트빌 (의정부동)",센트빌,
"경기도 의정부시 시민로146번길 28, 드림빌15차 (의정부동)",드림빌 15차,
"경기도 의정부시 시민로146번길 29, 현대레디앙 (의정부동)",현대레디앙,
"경기도 의정부시 시민로157번길 55, 느티나무 (의정부동)",느티나무,
"경기도 의정부시 시민로157번길 56, 스테이어반 (의정부동)",스테이어반,
"경기도 의정부시 신흥로231번길 17 (의정부동, 스테이 유)",스테이유,
"경기도 의정부시 신흥로232번길 11, 레몬트리지움 (의정부동)",레몬트리지움,
"경기도 의정부시 신흥로258번길 35, 피아플러스 (의정부동)",피아플러스,
"경기도 의정부시 신흥로274번길 29, 드림빌 14차 (의정부동)",드림빌 14차,
"경기도 의정부시 신흥로274번길 31, 휴스테이 (의정부동)",휴스테이,
"경기도 의정부시 태평로 109, 동원빌딩 (의정부동)",동원빌딩,
"경기도 의정부시 태평로100번길 6, 대봉하우스 (의정부동)",대봉하우스,
경기도 의정부시 태평로108번길 16 (의정부동),제이제이 하우스,
경기도 의정부시 태평로118번길 25 (의정부동),썬빌,
"경기도 의정부시 태평로45번길 17, 일진쉐르빌 1~5층 (의정부동)",일진쉐르빌,
"경기도 의정부시 태평로46번길 6, 지상1~5층 (의정부동)",한우리,
"경기도 의정부시 평화로 479-6, 아침동산 (의정부동)",아침동산,
"경기도 의정부시 평화로 510, 센트럴파크빌 (의정부동)",센트럴 파크빌,
"경기도 의정부시 평화로483번길 14, 이안빌 (의정부동)",이안빌,
"경기도 의정부시 평화로483번길 22, 에이스빌 (의정부동)",에이스빌,
"경기도 의정부시 평화로483번길 23, 월드타워 (의정부동)",월드타워,
경기도 의정부시 평화로483번길 30-6 (의정부동),화이트 빌,
경기도 의정부시 평화로483번길 40 (의정부동),엠유하우스,
경기도 의정부시 평화로483번길 50 (의정부동),한길,
"경기도 의정부시 평화로483번길 8, 가온 (의정부동)",가온,
"경기도 의정부시 평화로484번길 5, 스카이빌 (의정부동)",스카이빌,
경기도 의정부시 평화로494번길 24 (의정부동),싱글하우스,
"경기도 의정부시 평화로504번길 21-3, 웰스테이 (의정부동)",웰스테이,
경기도 의정부시 평화로504번길 28 (의정부동),굿모닝 힐하우스,
"경기도 의정부시 평화로542번길 7-14, 가람빌딩 (의정부동)",가람빌딩,
"경기도 의정부시 평화로542번길 7-9, 3,4층 (의정부동)",생활형숙박,
"경기도 의정부시 평화로551번길 14, 에이원타운(A동) (의정부동)",에이원타운A동,
경기도 의정부시 평화로561번길 5 (의정부동),스테이포유(Stay4U),
"경기도 의정부시 평화로562번길 47-11, 그린파크 (의정부동)",그린파크,
"경기도 의정부시 호국로1276번길 10, 현대타워C동 (의정부동)",현대타워C동,
경기도 의정부시 호국로1276번길 19 (의정부동),위너스 원,
경기도 의정부시 호국로1298번길 15 (의정부동),청비빌딩,
"경기도 의정부시 호국로1298번길 35, 현대레디앙 (의정부동)",현대레디앙,
"경기도 의정부시 호국로1298번길 39-7, 대우힐스 (의정부동)",대우힐스,
"경기도 의정부시 호국로1310번길 14, 4,5(일부)층 401-405,501,502호 (의정부동)",주식회사 맵시글로벌,
"경기도 의정부시 호국로1336번길 19, 1,2,3층 (의정부동)",삼성맨션,
"경기도 의정부시 호국로1336번길 20, 리즈빌 (의정부동)",리즈빌,
경기도 의정부시 호국로1336번길 39 (의정부동),우리.다,
"경기도 의정부시 호국로1336번길 39-9, 2~7층 (의정부동)",따뜻한 공간,
경기도 의정부시 호국로1336번길 52 (의정부동),제이원하우스,
"경기도 의정부시 호국로1336번길 57-5, 뉴스타 2~8층 (의정부동)",뉴스타,
경기도 의정부시 호국로1336번길 9-18 (의정부동),다정,
"경기도 의정부시 호국로1346번길 66, 이원주택 (의정부동)",이원주택,
경기도 의정부시 호국로1346번길 74 (의정부동),행복주택,
"경기도 의정부시 흥선로154번길 8, 한도빌 (의정부동)",한도빌,
"경기도 의정부시 흥선로164번길 23, 아이앤유 1-9층 (의정부동)",아이앤유,
"경기도 의정부시 흥선로164번길 27, 수아하우스 (의정부동)",수아하우스,
"경기도 의정부시 흥선로168번길 49, 샤인빌 (의정부동)",샤인빌,
경기도 의정부시 흥선로171번길 16 (의정부동),부영하우스 A,
경기도 의정부시 흥선로171번길 18 (의정부동),영하우스,
"경기도 의정부시 흥선로177번길 13, 에이원타운B동 (의정부동)",에이원타운B동,
경기도 의정부시 흥선로177번길 19 (의정부동),정림,
경기도 의정부시 흥선로177번길 25 (의정부동),팔레스텔,
경기도 의정부시 흥선로177번길 26 (의정부동),일룸,
경기도 의정부시 흥선로177번길 27 (의정부동),그레이스텔,
경기도 평택시 밀월로 42 (신장동),-,6.0
경기도 평택시 송탄1로 12 (신장동),-,25.0
경기도 평택시 송탄2로 66 (지산동),-,25.0
경기도 평택시 송탄2로 68 (지산동),SERENE SUITESⅠ,17.0
경기도 평택시 송탄2로 68-5 (지산동),SERENE SUITESⅡ,27.0
경기도 평택시 송탄2로 70 (지산동),-,16.0
경기도 평택시 송탄2로 72 (지산동),-,16.0
경기도 평택시 송탄2로 74 (지산동),-,24.0
경기도 평택시 송탄2로25번길 33 (서정동),-,29.0
경기도 평택시 송탄2로25번길 40 (서정동),-,24.0
경기도 평택시 송탄2로49번길 14 (서정동),-,15.0
경기도 평택시 송탄2로65번길 12-4 (지산동),-,10.0
경기도 평택시 송탄2로71번길 22,-,24.0
경기도 평택시 송탄2로71번길 3 (지산동),-,27.0
경기도 평택시 송탄2로71번길 36 (지산동),-,25.0
경기도 평택시 송탄로371번길 9 (지산동),-,29.0
경기도 평택시 안중읍 안중로131번길 4,40,
경기도 평택시 안중읍 안현로서9길 20-6,57,
경기도 평택시 지산로12번길 34 (지산동),리버뷰,24.0
경기도 평택시 지산로5번길 48 (지산동),-,28.0
경기도 평택시 지산로6번길 7 (지산동),K하우스,25.0
경기도 평택시 청북읍 현곡2길 7,28,
경기도 평택시 탄현로 270-1 (지산동),한울하임1,28.0
경기도 평택시 탄현로 303-1 (신장동),아이손송탄삼성,24.0
경기도 평택시 탄현로268번길 26 (지산동),-,26.0
경기도 평택시 탄현로268번길 36 (지산동),-,25.0
"경기도 평택시 포승읍 직산동길 21-9, 2층,3층",석양의추억,10.0
"경기도 포천시 내촌면 금강로2110번길 88-49, 주건축물제1동",티볼리빌,2.0
"경기도 포천시 내촌면 금강로2110번길 88-51, 주건축물제1동",티볼리빌,1.0
"경기도 포천시 내촌면 금강로2110번길 88-52, 주건축물제1동",티볼리빌,1.0
경기도 포천시 소흘읍 죽엽산로 426-15,호수궁전,
경기도 포천시 신북면 간자동길 138-100,유식물원,9.0
"경기도 포천시 영북면 산정호수로 446, 우둠지관광농원 14,15,16,17,20동",아띠랑스 키즈 풀빌라,5.0
"경기도 포천시 영북면 산정호수로 450-13, 가동(1-2층),마동(1-2층),바동(1층),아동(1층),자동(1-2층),카동(1-2층)",세인트 인 우둠지 펜션,9.0
"경기도 포천시 영북면 산정호수로 704, 가동, 나동",산정리조트 산내들 펜션,13.0
경기도 포천시 영북면 새낭로 919-2,에이요,16.0
"경기도 포천시 영북면 우물목길 160-15, 1동 1,2층",숲;79펜션,2.0
"경기도 포천시 영북면 우물목길 160-17, 1동",숲;79,2.0
"경기도 포천시 영북면 우물목길 160-19, 1동",숲;79펜션,1.0
"경기도 포천시 영북면 우물목길 160-21, 1동",숲;79,2.0
"경기도 포천시 영북면 우물목길 160-23, 1동 1,2층",숲;79펜션,1.0
"경기도 포천시 영북면 우물목길 160-27, 1동",숲;79펜션,2.0
"경기도 포천시 영북면 우물목길 160-29, 1동 1,2층",숲;79펜션,1.0
경기도 포천시 이동면 포화로 320-1,포천백운힐링밸리펜션,5.0
"경기도 포천시 이동면 포화로 346-10, A~F, H동",키즈포레,22.0
경기도 포천시 일동면 사기막길 67-4,쓰담쓰담,6.0
"경기도 포천시 일동면 화동로 1185-1, 3~4층",(주)오늘리조트,24.0
"경기도 포천시 화현면 봉화로 364-10, 1층, 2층",조이풀리조트,1.0
"경기도 포천시 화현면 봉화로 364-4, 1층, 2층",조이풀리조트,1.0
"경기도 포천시 화현면 봉화로 364-6, 1층, 2층",조이풀리조트,1.0
"경기도 포천시 화현면 봉화로 364-8, 1층, 2층",조이풀리조트,1.0
"경기도 하남시 대청로 32, 4,5층 (신장동)",서원고시텔,
"경기도 하남시 대청로 34 (신장동, 5층,6층)",하남고시텔,
"경기도 하남시 대청로 34, 4층 (신장동)",미니하우스,
"경기도 하남시 덕풍동로 111-10, 트윈렉스1 3층 309,310,311호 (덕풍동)",하트에이레지던스,
"경기도 하남시 덕풍동로 111-50, 309,310,311호 (덕풍동, 트윈렉스Ⅱ)",하트비레지던스,
"경기도 하남시 신장1로 1, 4층 (신장동)",다산고시텔,
"경기도 하남시 신장1로 1, 7층 (신장동)",싱글하우스,
경기도 화성시 동탄구 석우동 33-1,동탄우미쁘띠린 오피스텔(업소명: 씨플러스레지던스),18.0
경기도 화성시 병점동 381-38,병점빌,28.0
경기도 화성시 병점동 381-40,병점빌D동,28.0
경기도 화성시 서신면 송교리 476-7,제부도 케렌시아,28.0
경기도 화성시 서신면 제부리 10-20,다소니펜션,6.0
경기도 화성시 서신면 제부리 10-25,솔잎펜션,8.0
경기도 화성시 서신면 제부리 102,애플펜션,7.0
경기도 화성시 서신면 제부리 103-1,미고펜션,1.0
경기도 화성시 서신면 제부리 120,인디고펜션,9.0
경기도 화성시 서신면 제부리 186-1,펜션캐빈,4.0
경기도 화성시 서신면 제부리 187,리베펜션,7.0
경기도 화성시 서신면 제부리 190-101,블루하우스,8.0
경기도 화성시 서신면 제부리 190-102,아띠펜션,7.0
경기도 화성시 서신면 제부리 190-106,피넛스테이,18.0
경기도 화성시 서신면 제부리 190-130,The머물다펜션,7.0
경기도 화성시 서신면 제부리 190-14,일마레,2.0
경기도 화성시 서신면 제부리 190-146,아이리스,14.0
경기도 화성시 서신면 제부리 190-150,제이하우스,7.0
경기도 화성시 서신면 제부리 190-28,여행스케치,7.0
"경기도 화성시 서신면 제부리 190-29 여행스케치B 1층, 2층, 3층 전체",여행스케치B,7.0
경기도 화성시 서신면 제부리 190-52 2층 전부호,통보펜션,12.0
경기도 화성시 서신면 제부리 190-57,그린펜션,3.0
경기도 화성시 서신면 제부리 190-59,작은섬,2.0
경기도 화성시 서신면 제부리 190-60,작은섬,4.0
경기도 화성시 서신면 제부리 190-95,나그랑펜션,5.0
경기도 화성시 서신면 제부리 191-1,우리펜션,13.0
경기도 화성시 서신면 제부리 198-5,올레,6.0
"경기도 화성시 서신면 제부리 20-38 2층, 3층",대성콘도,10.0
경기도 화성시 서신면 제부리 20-9,하와이콘도,12.0
경기도 화성시 서신면 제부리 270-6 B동 1층,프리마베라펜션,3.0
"경기도 화성시 서신면 제부리 270-8 2층,3층",수에뇨펜션,10.0
"경기도 화성시 서신면 제부리 288-100 1층, 2층",테라스의아침펜션,3.0
경기도 화성시 서신면 제부리 288-101,나무향기 펜션,3.0
경기도 화성시 서신면 제부리 288-106,오브레(카사),8.0
경기도 화성시 서신면 제부리 288-118,아일랜드,9.0
"경기도 화성시 서신면 제부리 288-12 1동 1층,2층",나무향기펜션2,7.0
경기도 화성시 서신면 제부리 288-121,오브레(팔라디오),12.0
"경기도 화성시 서신면 제부리 288-58 1층, 2층",테라스의아침펜션,6.0
경기도 화성시 서신면 제부리 290-1,양지리조텔,17.0
경기도 화성시 서신면 제부리 290-41,양지팬션,15.0
"경기도 화성시 서신면 제부리 290-9 1층 일부, 2층, 3층",바닷길펜션,12.0
경기도 화성시 서신면 제부리 290-97,Brick Stay(브릭스테이),11.0
경기도 화성시 서신면 제부리 292-1,제부리펜션,9.0
경기도 화성시 서신면 제부리 293-3,제부JJ펜션,9.0
경기도 화성시 서신면 제부리 40-1,바다뜰이야기펜션,9.0
경기도 화성시 서신면 제부리 40-13,갯벌관광펜션,5.0
경기도 화성시 서신면 제부리 40-14,디앤와이펜션,9.0
"경기도 화성시 서신면 제부리 40-5 1층, 2층",초원펜션,11.0
"경기도 화성시 서신면 제부리 40-8 2, 3, 4층",더멍102,18.0
경기도 화성시 서신면 제부리 41-1,해송펜션,8.0
경기도 화성시 서신면 제부리 41-17,바다마을펜션,3.0
"경기도 화성시 서신면 제부리 42-15 1층,2층,3층",연리지펜션,9.0
경기도 화성시 서신면 제부리 77 외 1번지(76),동미산펜션,13.0
경기도 화성시 서신면 제부리 79-1,리멤버8,3.0
경기도 화성시 서신면 제부리 79-5,리멤버8,7.0
경기도 화성시 서신면 제부리 79-6,제부애니멀카페 앤 펜션,5.0
경기도 화성시 서신면 제부리 8-3,제부포레스트,13.0
경기도 화성시 서신면 제부리 80,다솜펜션,7.0
경기도 화성시 서신면 제부리 96,좋은이웃펜션,7.0
부산광역시 동구 초량동 1200-8,삼보빌딩,19.0
부산광역시 동구 초량동 503-5,조이팰리스,24.0
부산광역시 동구 초량동 604-1,jmc b동,19.0
부산광역시 부산진구 개금동 177-15,더숲10차,19.0
부산광역시 부산진구 개금동 177-26,로망스,6.0
부산광역시 부산진구 개금동 177-272,금강,26.0
부산광역시 부산진구 개금동 177-275,아이리스6차,22.0
부산광역시 부산진구 개금동 177-38,라온빌,21.0
부산광역시 부산진구 개금동 177-65,양지코쿤37차,20.0
부산광역시 부산진구 개금동 177-67,더숲9,19.0
부산광역시 부산진구 개금동 523-35,더숲13차,20.0
"부산광역시 사상구 광장로103번길 15-7, 1~5층 (괘법동)",석정,28.0
부산광역시 사하구 하단동 511-22번지,발렌타인 모텔,5.0
부산광역시 사하구 하단동 515-12번지,-,6.0
부산광역시 사하구 하단동 515-21번지,-,2.0
부산광역시 서구 암남동 166-3,여행공장,10.0
부산광역시 중구 영주동 625-1,스카이힐,19.0
"서울시 용산구 백범로90길 90, 상가동 2,3층 (문배동)",용산kcc웰츠타워,
서울특별시 강서구 마곡동로4길 23(마곡동),루체브릿지,
서울특별시 강서구 마곡중앙6로 76-3(마곡동),인터시티365,
서울특별시 관악구 남부순환로224길 31 (봉천동),조은집,15.0
서울특별시 관악구 신림로59길 22-5  4~7층 각 층1 2호 (신림동),하나스테이,8.0
"서울특별시 도봉구 도봉로117길 8-6, 지하1층~지상10층 (쌍문동)",그린홈,24.0
서울특별시 마포구 서강로 132  BS타워 13층 (노고산동),로프트13,7.0
서울특별시 마포구 서강로20길 11  2층 (노고산동),골든(Golden) 신촌홍대점,10.0
서울특별시 마포구 신촌로12나길 32  2층 (노고산동),코코스테이,7.0
서울특별시 마포구 신촌로4길 10  2층 (동교동),비아르떼,2.0
서울특별시 마포구 신촌로4길 5-5  1층 (동교동),비아르떼 서울,2.0
서울특별시 마포구 양화로 118  5층 (서교동),슬로우온 호스텔,15.0
서울특별시 마포구 양화로 124  3층 (서교동),더 센트럴 홍대,9.0
서울특별시 마포구 양화로 177-1 (동교동),나비 호스텔,26.0
서울특별시 마포구 월드컵북로2길 19  2-5층 (동교동),스테이 더 이룸(Stay the eeroom),7.0
"서울특별시 성동구 동일로 75-33, 2층 (성수동2가)",코다 호스텔,2.0
"서울특별시 성동구 동일로 75-33, 3층 (성수동2가)",코다 호스텔#2,2.0
"서울특별시 성동구 상원10길 25, J빌딩 4층 (성수동1가)",다솜 성수,1.0
"서울특별시 성동구 성수일로12가길 30-14, 1~3층 (성수동2가)",스테이벗 성수,5.0
"서울특별시 성동구 아차산로7길 45, 2~4층 (성수동2가)",온재스테이 서울 성수,21.0
"서울특별시 성동구 왕십리로24길 8, 5층 (도선동)",서온재 Seo on jae,2.0
서울특별시 중구 신당동 773,맥스타일,10.0
서울특별시 중구 쌍림동 25-16,위코스테이 동대문,15.0
서울특별시 중구 을지로2가 199-40,명동아르누보센텀,4.0
서울특별시 중구 을지로7가 81-2,세승빌딩,28.0
서울특별시 중구 충무로5가 22-21,구도레지던스,18.0
서울특별시 중구 황학동 1571,제이앤비 THE BEST 2,18.0
서울특별시 중구 황학동 2143,-,13.0
서울특별시 중랑구 겸재로 115(면목동),팰리스,
제주특별자치도 서귀포시 대정읍 보성리 2476-4,클라시움,24.0
제주특별자치도 서귀포시 서귀동 255-19,TAKE33,12.0
제주특별자치도 서귀포시 서귀동 511-1,라산빌딩,14.0
제주특별자치도 서귀포시 서귀동 668-2,환하당,2.0
제주특별자치도 서귀포시 서귀동 700-32,한일바우,7.0
제주특별자치도 서귀포시 서귀동 782-7,남양게스트하우스,5.0
제주특별자치도 서귀포시 안덕면 화순리 1091-4,YH타워,10.0
제주특별자치도 서귀포시 표선면 성읍리 3229-8,느릇,11.0
제주특별자치도 서귀포시 호근동 2162,오레브 리조트 앤 스파(A블록),26.0
